건강증진센터명,건강증진센터구분,소재지도로명주소,소재지지번주소,위도,경도,건강증진업무내용,운영시작시각,운영종료시각,휴무일정보,건물면적,의사수,간호사수,사회복지사수,영양사수,기타인력현황,기타이용안내,운영기관전화번호,운영기관명,관리기관전화번호,관리기관명,데이터기준일자,제공기관코드,제공기관명
고성군정신건강복지센터,정신보건,경상남도 고성군 고성읍 남포로 79번길 103-3,경상남도 고성군 고성읍 대독리 4,34.96945671,128.3153834,"재가정신질환자등록관리, 재활프로그램운영, 정신건강교육 등 정신건강증진사업운영",09:00,18:00,토요일+일요일+공휴일,150,1,3,1,0,,,055-670-4057,,055-670-4055,경상남도 고성군 보건소,2020-07-10,5420000,경상남도 고성군
고성군정신건강복지센터,정신보건,강원도 고성군 간성읍 수성로 30,강원도 고성군 간성읍 신안리 178,38.3776166184,128.472194,자살예방 및 정신건강증진,09:00,18:00,공휴일,,0,4,0,0,보건직 1,,033-680-4001,고성군보건소,033-680-3541,강원도 고성군보건소,2020-06-30,4340000,강원도 고성군
동구보건소 건강증진센터,건강증진,인천광역시 동구 석수로 90,인천광역시 동구 만석동 18-3,37.4830408421,126.6259350531,"운동검사/처방,영양,금연",09:00,18:00,"매주 토,일요일",282,0,1,0,1,"운동2, 금연2명",,032-770-5736,동구보건소,032-770-5736,동구보건소,2020-06-30,3500000,인천광역시 동구
울진군보건소,건강증진,경상북도 울진군 울진읍 읍내8길 61-8,,36.99621755,129.4046005,"운동:운동실 기구이용, 운동지도, 체지방측정대사증후군: 영양상담",09:00,17:00,"매주토요일,일요일공휴일",,0,1,0,1,운동처방사(1),,054-789-5081,울진군보건소,054-789-5000,울진군보건소,2020-07-13,5250000,경상북도 울진군
서천군주민건강센터,건강증진,충청남도 서천군 서천읍 사곡길 26,충청남도 서천군 서천읍 군사리 799,36.08237203,126.6897168,"운동관리,영양관리,비만관리",09:00,18:00,"매주 토요일, 일요일, 공휴일",729.42,0,0,0,1,운동처방사(2),,041-950-6748,,041-950-6713,서천군보건소,2020-07-10,4580000,충청남도 서천군
천안시자살예방센터,정신보건,충청남도 천안시 서북구 서부8길 29,충청남도 천안시 서북구 성정동 684-1,36.8197764,127.1398813,자살예방사업,09:00,18:00,"매주 토요일, 공휴일",52.38,1,1,3,0,0,0,041-571-0199,순천향대학교천안병원,041-521-5930,충청남도 천안시 서북구보건소,2020-07-06,4490000,충청남도 천안시
청수건강생활지원센터,건강증진,충청남도 천안시 동남구 청수6로 106-3(청수동),충청남도 천안시 동남구 청수동 201-1,36.7896277,127.1553906,"만성질환관리,영양관리,운동관리",09:00,18:00,"매주 토요일, 공휴일",456,0,4,0,1,1,0,041-521-2657,청수건강생활지원센터,041-521-0114,충청남도 천안시 동남구보건소,2020-07-06,4490000,충청남도 천안시
서북구정신건강복지센터,정신보건,충청남도 천안시 서북구 서부8길 29,충청남도 천안시 서북구 성정동 684-1,36.8197764,127.1398813,정신건강증진사업,09:00,18:00,"매주 토요일, 공휴일",325.14,1,0,5,0,0,0,041-578-9709,순천향대학교천안병원,041-521-5928,충청남도 천안시 서북구보건소,2020-07-06,4490000,충청남도 천안시
동남구정신건강복지센터,정신보건,충청남도 천안시 동남구 버들로 40(문화동),충청남도 천안시 동남구 문화동 112-1,36.80718993,127.1514636,정신건강증진사업,09:00,18:00,"매주 토요일, 공휴일",92.6,0,2,2,0,0,0,041-521-5011,동남구보건소,041-521-5064,충청남도 천안시 동남구보건소,2020-07-06,4490000,충청남도 천안시
천안시중독관리통합지원센터,정신보건,충청남도 천안시 동남구 버들로 40(문화동),충청남도 천안시 동남구 문화동 112-1,36.80718993,127.1514636,중독예방사업,09:00,18:00,"매주 토요일, 공휴일",94.94,0,1,3,0,0,0,041-577-8098,나사렛대학교,041-521-5056,충청남도 천안시 동남구보건소,2020-07-06,4490000,충청남도 천안시
성정건강생활지원센터,건강증진,충청남도 천안시 서북구 서부8길 29,충청남도 천안시 서북구 성정동 684-1,36.8197764,127.1398813,"만성질환관리,영양관리,운동관리,구강관리",09:00,18:00,"매주 토요일, 공휴일",825,0,3,0,1,2,0,041-521-2584,성정건강생활지원센터,041-521-2584,충청남도 천안시 서북구보건소,2020-07-06,4490000,충청남도 천안시
청도군건강증진센터,건강증진,경상북도 청도군 화양읍 청화로 79-11,경상북도 청도군 화양읍 범곡리 96,35.6486248680,128.7372614848,"수영장, 헬스장운영",06:00,21:00,"일요일, 명절",462,0,0,0,0,헬스강사1+수영강사2+접수2+환경정비3+기계실3명,회원제 및 일일입장,054-370-2669,청도군 보건소,054-370-6471,경상북도 청도군 보건소,2020-06-30,5190000,경상북도 청도군
상당정신건강복지센터,정신보건,충청북도 청주시 상당구 남일면 단재로 480,충청북도 청주시 상당구 남일면 효촌리 92-2,36.58807606,127.5047678,"정신건강, 질병예방, 건강관리",09:00,18:00,토요일+일요일+공휴일,176.25,0,0,0,0,13,,043-298-0199,상당정신건강복지센터,043-201-3164,상당보건소,2020-07-09,5710000,충청북도 청주시
은평구정신건강복지센터,정신보건,서울특별시 은평구 연서로 34길 11,서울특별시 은평구 불광동 130-2,37.6215078,126.9276985,"정신건강 교육 및 홍보, 고위험군 발견 및 연계, 전문 상담 및 관리",09:00,18:00,법정 공휴일,186,0,3,7,,1,,02-351-8680,서울특별시 은평구 보건소,02-351-8682,서울특별시 은평구 보건소,2019-09-01,3110000,서울특별시 은평구
건강증진센터,건강증진,경기도 가평군 가평읍 가화로 155-15,경기도 가평군 가평읍 읍내리 624-20,37.8329781,127.5107859,"신체활동, 영양업무",09:00,20:00,"토요일, 일요일, 국경일",246.82,0,0,0,2,2,,031-580-2833,가평군보건소,031-582-2488,가평군보건소,2019-09-03,4160000,경기도 가평군
빛가람건강생활지원센터,건강증진,전라남도 나주시 빛가람로 721,전라남도 나주시 빛가람동 202,35.0222053958,126.790659,건강증진,09:00,18:00,"매주 토요일, 일요일, 공휴일",641.58,0,2,0,0,"간호조무사(2),물리치료사(1)",,061-339-4751,나주시 보건소,061-339-4751,전라남도 나주시 보건소,2019-07-01,4830000,전라남도 나주시
나주시정신건강증진센터,정신보건,전라남도 나주시 건재로 211,전라남도 나주시 대호동 307-17,35.051091,126.7237199,정신보건,09:00,18:00,"매주 토요일, 일요일, 공휴일",,1,0,6,0,,,061-330-4114,국립나주병원,061-339-2129,전라남도 나주시 보건소,2019-07-01,4830000,전라남도 나주시
용인시정신건강복지센터,정신보건,경기도 용인시 기흥구 신갈로58번길 11,경기도 용인시 기흥구 신갈동 60-3,37.272634,127.106729,정신질환자 관리 및 정신건강증진,09:00,18:00,"매주 토,일요일 공휴일",360,1,6,16,,임상심리사(4)+행정(1),,031-286-0949,의료법인용인병원유지재단,031-324-6946,용인시 기흥구 보건소,2019-04-08,4050000,경기도 용인시
통합건강증진센터,건강증진,충청남도 계룡시 장안로 54,충청남도 계룡시 금암동 10,36.2730058,127.250047,"신체활동, 영양, 비만, 만성질환 검사 및 상담",09:00,18:00,월 ~ 금 근무,165,0,3,0,1,1,,042-840-3531,계룡시보건소,042-840-3507,계룡시보건소,2019-06-01,5580000,충청남도 계룡시
여수건강증진센터,건강증진,전라남도 여수시 시청서4길47(학동),전라남도 여수시 학동 213,34.7593155242,127.660387172,"대사증후군관리사업,영양플러스사업,신체활동사업,영양관리사업",09:00,18:00,"매주 토요일, 일요일, 공휴일",34.759613,0,1,0,2,운동처방사(3),검사전날 밤10시부터 금식,061-659-4213,자체운영,061-659-4244,전라남도 여수시청,2019-06-24,4810000,전라남도 여수시
건강증진센터,건강증진,서울특별시 서초구 남부순환로 2584,서울특별시 서초구 서초2동 1376-3,37.4835872,127.0326987,"신체활동사업 : 체성분, 체력측정에 따른 운동상담, 영양사업 : 영양플러스, 영양상담",09:00,18:00,"주5일 운영(토,일 휴무)",,0,0,0,6,운동처방사 4,,02-2155-8074,서초구보건소 건강관리과,02-2155-8074,서울특별시 서초구 보건소,2019-05-30,3210000,서울특별시 서초구
진해정신건강복지센터,정신보건,경상남도 창원시 진해구 중원동로 62,경상남도 창원시 진해구 중앙동 11-1,35.149898,128.661939,"중증정신질환관리, 자살예방 및 정신건강증진, 아동청소년정신건강증진",09:00,18:00,매주 토요일+일요일+공휴일,,1,3,2,,,,055-225-6691,진해보건소 서부보건지소,055-225-6691,경상남도 창원시청,2020-07-14,5670000,경상남도 창원시
부천시정신건강복지센터,건강증진,경기도 부천시 성오로 172,,37.5283485314,126.7960269111,"중증정신질환자관리사업, 정신건강증진사업, 재난심리지원사업, 중독예방 및 관리사업",09:00,18:00,"토요일, 일요일, 공휴일",559,1,5,21,0,0,,032-654-4024,순천향대학교부천병원,032-625-4131,부천시보건소,2020-07-17,3860000,경기도 부천시
부천시자살예방센터,정신보건,경기도 부천시 성오로 172,,37.5283485314,126.7960269111,자살예방사업,09:00,18:00,"토요일, 일요일, 공휴일",326,0,3,11,0,0,,032-654-4024,순천향대학교부천병원,032-625-4131,부천시보건소,2020-07-17,3860000,경기도 부천시
부천시아동청소년정신건강복지센터,정신보건,경기도 부천시 경인옛로 73,,37.480022,126.799935,아동청소년정신건강증진사업,09:00,18:00,"토요일, 일요일, 공휴일",168,0,2,5,0,0,,032-654-4024,순천향대학교부천병원,032-625-4131,부천시보건소,2020-07-17,3860000,경기도 부천시
건강관리센터,건강증진,서울특별시 서대문구 연희로242,서울특별시 서대문구 연희동 165-2,37.5786101663,126.9362772546,대사증후군관리,09:00,18:00,"토,일",46.8,1,3,0,2,2,,02-330-8727,서대문구보건소,02-330-8979,서대문구보건소,2020-01-01,3120000,서울특별시 서대문구
대구서구건강생활지원센터,건강증진,대구광역시 서구 서대구로7길 46,대구광역시 서구 내당동 305-22,35.8607456,128.551449,"만성질환 상담실 및 운동 프로그램 운영, 내당권역 방문건강관리사업",09:00,18:00,"토요일, 일요일, 공휴일",446.14,0,4,0,0,운동전문인력(1),,053-663-3232,서구건강생활지원센터,053-663-3111,대구광역시 서구보건소,2020-07-10,3430000,대구광역시 서구
건강증진센터,건강증진,경상북도 성주군 성밖숲길 12,,35.91741735,128.2785293,건강증진상담및교육,09:00,18:00,법정 공휴일,922,0,2,0,1,6(운동처방사(1)+금연상담사(2)+간호사(2)+영양사(1),,054-930-8193,성주군보건소,054-930-8193,성주군보건소,2020-07-15,5210000,경상북도 성주군
수영구건강증진센터,건강증진,부산광역시 수영구 수영로 637-5,부산광역시 수영구 광안동 661-1,35.1624773,129.113491,"운동,영양,비만 등 건강행태개선 업무",09:00,20:00,"일요일,공휴일",,0,0,0,1,6명,없음,051-752-4000,수영구보건소,051-752-4000,수영구보건소,2020-07-14,3380000,부산광역시 수영구
의왕시정신건강복지센터,정신보건,"경기도 의왕시 오봉로34, 의왕시보건소 별관 1층",,37.34378796,126.9719938,"생명사랑프로젝트사업, 노인자살예방사업, 청년정신건강증진사업, 치료비지원사업 등",09:00,18:00,"매주 토, 일요일 및 공휴일",,1,5,7,0,,,031-458-0682,,031-458-0682,경기도 의왕시보건소,2020-07-22,4030000,경기도 의왕시
영도구 정신건강복지센터,정신보건,부산광역시 영도구 동삼북로 3(동삼동),부산광역시 영도구 동삼동 1121,35.08304485,129.0692224,정신건강관련 상담 및 프로그램 진행,09:00,18:00,"토,일",174,1,1,9,0,5,,051-404-3379,영도구 정신건강복지센터,051-419-4882,영도구보건소,2020-07-14,3280000,부산광역시 영도구
광역정신건강복지센터,정신보건,광주광역시 동구 제봉로 27,,35.1411285958,126.9211290663,"정신건강사업 기획, 홍보, 매뉴얼 개발, 지역사회 네트워크 구축 등",09:00,18:00,매주 토요일+일요일+공휴일,,1,12,20,,,,062-600-1930,,,광주광역시청,2020-07-21,6290000,광주광역시
동두천시정신건강복지센터,정신보건,경기도 동두천시 중앙로 167,경기도 동두천시 생연동 714-10,37.89661147,127.051717,"중증전신질환관리,자사예방,정신건강증진,환경조성및인식개선 업무",09:00,18:00,공휴일,710,1,4,8,0,1,,031-863-3632,동두천시정신건강복지센터,031-860-3385,동두천시청 보건소,2020-07-21,3920000,경기도 동두천시
동두천요양원(정신요양시설),정신보건,경기도 동두천시 평화로3208번길 43-15,경기도 동두천시 하봉암동 153,37.97388525,127.0688704,"생활,심리,사회,교육,직업재활 업무",09:00,18:00,공휴일,2200,1,2,7,1,5,,031-867-9820,동두천요양원,031-860-3385,동두천시청 보건소,2020-07-21,3920000,경기도 동두천시
옥천군보건소 건강증진센터,건강증진,충청북도 옥천군 옥천읍 삼양로8길 10,충청북도 옥천군 옥천읍 삼양리 161-45,36.3044590420,127.5700747404,건강증진사업,09:00,18:00,"매주 토요일, 일요일, 공휴일",258,2,17,0,2,,,043-730-2121,충청북도옥천군보건소,,옥천군 보건소,2020-07-01,4430000,충청북도 옥천군
여주시정신건강복지센터,정신보건,경기도 여주시 여흥로160번길 14(상동),,37.2946102796,127.6403919723,정신건강증진 및 자살예방사업,09:00,18:00,주말 및 공휴일,,1,5,6,,임상심리사(2),,031-886-3435,,,경기도 여주시 보건소,2020-07-17,5700000,경기도 여주시
시민(어르신)건강증진센터,건강증진,전라북도 정읍시 수성1로 61,전라북도 정읍시 수성동 958-2,35.57798071,126.8545216,"만성질환건강상담,운동상담,영양상담,시민건강증진교육",09:00,18:00,법정공휴일,,0,1,0,1,1,,063-539-6088,전라북도 정읍시 보건소,063-539-6101,전라북도 정읍시 보건소,2020-07-10,4690000,전라북도 정읍시
장성군 임시치매안심센터,정신보건,전라남도 장성군 장성읍 청운11길 13,전라남도 장성군 장성읍 영천리 1475-4 보건소,35.3045428541,126.7824532467,"치매환자 등록 및 관리사업, 조호물품 지원, 인지재활프로그램 운영, 치매환자 가족 지원사업, 치매안심마을 운영, 치매조기검진사업, 치매치료관리비 지원, 실종예방 인식표 발급등",09:00,18:00,"일요일,?공휴일",158,0,5,2,,,,061-390-8366,장성군보건소,061-390-8373,장성군보건소,2019-06-30,4980000,전라남도 장성군
서구정신건강복지센터,정신보건,광주광역시 서구 운천로172번길 32,,35.1481692,126.8601743,"중증정신질환자관리사업, 자살예방사업, 아동청소년 정신건강관리사업, 정신건강증진사업",09:00,18:00,"매주토요일,일요일,공휴일",502,7,4,7,,1,,062-350-4195,광주광역시 서구보건소,062-350-4195,광주광역시 서구보건소,2019-09-16,3600000,광주광역시 서구
시흥시정신건강복지센터,정신보건,경기도 시흥시 호현로 55,경기도 시흥시 대야동 484-5,37.44558366,126.7852959,생애주기별 정신건강증진사업/정신장애인관리사업/자살예방사업,09:00,18:00,토요일/일요일/ 공휴일,231.4,0,6,18,0,상근직 의사(2)/심리상담사(2),,031-316-6661,가톨릭대학교산학협력단,,경기도 시흥시청,2019-09-16,4010000,경기도 시흥시
중랑구정신건강복지센터,정신보건,서울특별시 중랑구 면목로 238,서울특별시 중랑구 면목동 378-4,37.5739185,127.0850931,중증정신질환자 등록 및 사례관리아동청소년 정신건강사업정신장애인 재활프로그램 운영정신건강상담,09:00,18:00,"매주 토요일, 일요일공휴일",316.9,1,1,10,,3,,02-2276-7000,서울특별시 서울의료원,02-2094-0853,서울특별시 중랑구 보건소,2019-05-15,3060000,서울특별시 중랑구
울산광역시 북구보건소 건강증진센터,건강증진,"울산광역시 북구 산업로 1018, 2층건강관리센터",울산광역시 북구 연암동 1082,35.583448,129.3607258,만성질환 예방 및 관리,09:00,18:00,"공휴일, 주말",943.48,0,3,0,2,운동처방사(2),12:00~13:00 중식시간 이용불가,052-241-8168,울산북구보건소,052-289-3450,울산광역시 북구 보건소,2019-09-05,3720000,울산광역시 북구
정신건강복지센터,정신보건,경상북도 경산시 화랑로8길 26 우리세명정신병원 3층,경상북도 경산시 갑제동 645-4,35.8188721557,128.771815047,정신건강증진사업 및 자살예방사업,09:00,18:00,"매주 토요일, 일요일, 공휴일",151,1,2,4,0,4,www.gsmind.or.kr,053-816-7190,세명병원,053-810-6383,경상북도 경산시보건소,2019-09-11,5130000,경상북도 경산시
목포시 보건소 건강증진센터,건강증진,전라남도 목포시 원산로 45번길 5,전라남도 목포시 산정동 1676,34.80442532,126.3737232,"운동상담, 영양상담, 금연상담",09:00,18:00,토요일+일요일+공휴일,,0,3,0,1,운동처방사(1)+금연상담사(2),,061-277-4000,목포시 보건소,061-277-4000,목포시 보건소,2020-10-08,4800000,전라남도 목포시
의정부시건강증진센터,건강증진,경기도 의정부시 범골로 131,경기도 의정부시 의정부동 516,37.736191,127.039582,"건강증진센터 운영(개인별 맞춤형 운동처방, 운동·영양 교육 및 상담), 대사증후군 관리",09:00,18:00,토요일+일요일+공휴일,159.51,0,1,0,1,운동처방사(1),,031-870-6089,의정부시보건소,031-870-6010,의정부시보건소,2020-06-01,3820000,경기도 의정부시
성북건강관리센터,건강증진,서울특별시 성북구 화랑로 63,서울특별시 성북구 하월곡동 46-1,37.60270967,127.039515,"일차진료, 대사증후군관리",09:00,18:00,매주일요일+매주토요일+공휴일,331.13,3,5,0,1,"5(운동사2, 임상병리사2, 일반1)",검사 전날 밤 10시부터 금식 요망,02-2241-6102,의약과,02-2241-6108,의약과,2020-07-14,3070000,서울특별시 성북구
성북구정신건강복지센터,정신보건,"서울특별시 성북구 화랑로 63, 6층","서울특별시 성북구 하월곡동 46-1, 6층",37.60270967,127.0395315,"초발,중증정신질환자관리, 아동청소년정신건강관리,우울자살예방, 알코올중독관리 및 예방, 정신보건 환경개발",09:00,18:00,매주일요일+매주토요일,,0,6,7,,,,02-2241-6313,성북구보건소,02-2241-6133,성북구보건소,2020-07-14,3070000,서울특별시 성북구
정신건강복지센터,정신보건,부산광역시 중구 흑교로 48,,35.103844,129.025465,"정신건강증진사업, 자살예방사업, 중증정신질환자 등록관리 등",09:00,18:00,토요일+일요일+공휴일,125.45,1,0,9,,2,,051-257-7057,메리놀병원,051-600-4778,부산광역시 중구 보건소,2020-10-14,3250000,부산광역시 중구
인제군 정신건강증진센터,정신보건,강원도 인제군 인제읍 인제로 140번길 34,,38.06327706,128.1685854,"정신건강증진센터운영(정신장애인 사회재활, 아동청소년 정신보건사업) 및 자살예방사업",09:00,18:00,매주토요일+매주일요일+공휴일,101,1,3,2,0,0,,033-461-2425,인제군보건소,033-461-2122,강원도 인제군 보건소,2020-10-15,4330000,강원도 인제군
동구정신건강복지센터,정신보건,대구광역시 동구 동촌로 79,대구광역시 동구 검사동 1005-8,35.88812099,128.6512343,"정신건강증진, 자살예방사업 등",09:00,18:00,토요일+일요일+공휴일,129.03,1,2,5,0,6,,053-983-8340,대구가톨릭대학교,053-662-3237,대구광역시 동구보건소,2020-06-25,3420000,대구광역시 동구
수원시행복정신건강복지센터,정신보건,"경기도 수원시 장안구 송원로 101, 1층 (조원동, 장안구청)",경기도 수원시 장안구 조원동 888,37.3040283311,127.0103128924,"수원시마음건강 지원 사업, 생애주기별 정신건강증진 및 질환예방사업 등 수원시 정신건강 비젼 및 계획수립",09:00,18:00,토요일+일요일+공휴일,101,1,5,7,,임상심리사(1)+기타(3),,031-253-5737,장안구보건소,031-228-5907,수원시 장안구보건소,2020-08-13,3740000,경기도 수원시
수원시아동청소년정신건강복지센터,정신보건,경기도 수원시 팔달구 동말로 47번길 17,경기도 수원시 팔달구 화서동 134-3,37.2793327,126.9993516,"지역 내 아동 청소년 정신보건사업 기획, 조기중재사업 평가사업",09:00,18:00,토요일+일요일+공휴일,603,1,2,7,,기타(1),,031-242-5736,장안구보건소,031-228-5907,수원시 장안구보건소,2020-08-13,3740000,경기도 수원시
수원시성인정신건강복지센터,정신보건,경기도 수원시 팔달구 매산로 89 2층,경기도 수원시 팔달구 매산로 3가 43-1,37.2704216,127.0106758,"중증정신 질환 관리, 정신건강 증진사업",09:00,18:00,토요일+일요일+공휴일,222,1,5,8,,임상심리사(2)+작업치료사(1)+기타(1),,031-247-0887,장안구보건소,031-228-5920,수원시 장안구보건소,2020-08-13,3740000,경기도 수원시
수원시자살예방센터,정신보건,"경기도 수원시 팔달구 동말로 47번길 17, 3층 (화서동)",경기도 수원시 팔달구 화서동 134-3,37.27939602,126.999319,"수원시 자살예방사업 종합계획 수립, 자살 고위험군 등록관리 및 치료지원",09:00,18:00,토요일+일요일+공휴일,208.62,1,1,9,,임상심리사(1),,031-247-3279,장안구보건소,031-228-5920,수원시 장안구보건소,2020-08-13,3740000,경기도 수원시
다산건강생활지원센터,건강증진,경기도 남양주시 다산중앙로 7,경기도 남양주시 다산동 6150,37.613928,127.1555493483,"만성질환 예방관리, 건강생활실천 상담, 교육프로그램 운영",09:00,18:00,토요일+일요일+공휴일,370,0,1,0,0,2,,031-590-8580,,,남양주보건소,2020-06-30,3990000,경기도 남양주시
별내건강생활지원센터,건강증진,경기도 남양주시 별내3로 64-21,경기도 남양주시 별내동 1028,37.6461674073,127.1218816736,"만성질환 예방관리, 건강생활실천 상담, 교육프로그램 운영",09:00,18:00,토요일+일요일+공휴일,415,0,2,0,0,1,,031-590-8188,,,남양주풍양보건소,2020-06-30,3990000,경기도 남양주시
오남건강생활지원센터,건강증진,경기도 남양주시 오남읍 진건오남로 806-34,경기도 남양주시 오남읍 양지리 96-10,37.6985759603,127.2048422425,"만성질환 예방관리, 건강생활실천 상담, 교육프로그램 운영",09:00,18:00,토요일+일요일+공휴일,243,0,2,0,1,1,,031-590-8501,,,남양주풍양보건소,2020-06-30,3990000,경기도 남양주시
용산구 시민건강관리센터,건강증진,서울특별시 용산구 녹사평대로150,,37.5324526548,126.9904782550,"대사증후군관리, 금연상담",09:00,18:00,매주토요일+매주일요일+공휴일,,2,7,0,,,,02-2199-8158,,,서울특별시 용산구 보건소,2020-06-30,3020000,서울특별시 용산구
용산구 정신건강복지센터,정신보건,서울특별시 용산구 녹사평대로150,,37.5324526548,126.9904782550,"중증정신질환자 사례관리,정신건강상담 등",09:00,18:00,매주토요일+매주일요일+공휴일,,0,4,4,,,,02-2199-8340,,,서울특별시 용산구 보건소,2020-06-30,3020000,서울특별시 용산구
충주시건강증진센터,건강증진,충청북도 충주시 충인1길 16,충청북도 충주시 충의동 14,36.9756729973,127.9287889644,"영양,운동, 건강상담",09:00,18:00,"토,일,법정공휴일",367,0,1,0,1,2,,043-850-3290,충주시건강증진센터,043-850-3520,충주시보건소,2020-06-30,4390000,충청북도 충주시
산청군 정신건강복지센터,정신보건,경상남도 산청군 산청읍 중앙로 97,경상남도 산청군 산청읍 지리 797,35.4160820622,127.8842381443,정신건강사업 및 자살예방사업,09:00,18:00,"매주 토요일, 일요일, 공휴일",316,0,5,0,0,센터장(1)+공무원(2),,055-970-7631,,055-970-7573,산청군청,2020-06-30,5450000,경상남도 산청군
전주시보건소건강증진센터,건강증진,전라북도 전주시 완산구 전라감영로 33(전주시보건소 3층),전라북도 전주시 완산구 중앙동4가 30-1,35.8158460422,127.1433514221,"영양, 비만, 운동, 절주 등 개인 및 소규모집단에 대한 교육, 상담분야별 지속 프로그램 운영",09:00,18:00,법정공휴일,323.4,0,3,0,3,2,,063-281-6335,전주시보건소,063-281-6312,전라북도 전주시보건소,2020-08-31,4640000,전라북도 전주시
효성건강생활지원센터,건강증진,인천광역시 계양구 봉오대로543번길 21,인천광역시 계양구 효성동 85,37.532549,126.7086103178,"만성질환등록관리, 교육 프로그램 운영, 기타서비스제공(치매선별검사,금연클리닉,불소용액 및 틀니 세정제 제공, 모자보건 등)",09:00,18:00,토요일+일요일+공휴일,,0,3,0,1,생활체육지도자(1),콜레스테롤검사시 예약 필수,032-430-7793,효성건강생활지원센터,,인천광역시 계양구 보건소,2020-03-27,3550000,인천광역시 계양구
부산진구 건강증진센터,건강증진,부산광역시 부산진구 시민공원로 30,부산광역시 부산진구 부암동 666-16,35.1628298528,129.0531867477,"건강증진사업, 정신건강복지센터, 영양상담실, 금연클리닉, 만성질환관리실, 체력측정실",09:00,18:00,토요일+일요일+공휴일,,0,21,13,,,,051-605-5941,부산진구청,051-605-5941,부산진구청,2020-04-10,3290000,부산광역시 부산진구
완정건강생활지원센터,건강증진,"인천광역시 서구 청마로167번길 19 (당하동, 2층)",인천광역시 서구 당하동 1097-4,37.59210105,126.6746306,영양관리+대사증후군관리+비만+금연관리+임산부관리+구강건강+건강강좌+재활보건사업,09:00,18:00,매주 토요일+일요일+공휴일,,0,2,0,1,운동처방사(1)+치위생사(1),,032-560-3400,인천광역시 서구 보건소,032-560-3400,인천광역시 서구 보건소,2020-10-15,3560000,인천광역시 서구
석남건강생활지원센터,건강증진,"인천광역시 서구 길주로 79, 601호 (석남동, 성한캐슬)",인천광역시 서구 석남동 518-18,37.50676645,126.6708789629,영양관리+대사증후군관리+비만+금연관리+임산부관리+구강건강+건강강좌+어린이건강체험관,09:00,18:00,매주 토요일+일요일+공휴일,,0,4,0,1,운동처방사(1),,032-560-2960,인천광역시 서구 보건소,032-560-2960,인천광역시 서구 보건소,2020-10-15,3560000,인천광역시 서구
가좌건강생활지원센터,건강증진,인천광역시 서구 건지로284번길 60 (가좌동),인천광역시 서구 가좌동 145-43,37.49393135,126.6730183,영양관리+대사증후군관리+비만+금연관리+임산부관리+구강건강+건강강좌,09:00,18:00,매주 토요일+일요일+공휴일,,0,3,0,1,운동처방사(1),,032-560-2990,인천광역시 서구 보건소,032-560-2990,인천광역시 서구 보건소,2020-10-15,3560000,인천광역시 서구
U_만성질환관리센터(정남),건강증진,경기도 화성시 정남면 서봉로 998,경기도 화성시 정남면 신리 260-1번지,37.1602738385,126.9711115730,고혈압_당뇨병_이상지질혈증_비만_비약물관리,09:00,18:00,토요일_일요일_공휴일,125,0,1,0,1,1,0,031-5189-4481,수원여자대학교산학협력단,031-5189-4738,화성시보건소,2020-05-27,5530000,경기도 화성시
서산시보건소 건강증진센터,건강증진,충청남도 서산시 호수공원 6로 6,충청남도 서산시 예천동 496-1,36.77457668,126.4445156,"아침운동, 요통예방운동, 건강체력향상운동, 대사증후군개선운동, 비만관리,영양관리, 건강상담",09:00,18:00,"매주 토요일, 일요일, 공휴일",4620.01,0,1,0,1,운동처방사(1),검사 전날 밤 10부터 금식 요망,041-661-8106,서산시보건소,041-661-6557,충청남도 서산시 보건소,2020-06-26,4530000,충청남도 서산시
문경시정신건강복지센터,정신보건,경상북도 문경시 신흥로 165,경상북도 문경시 점촌동 166-6,36.5957673721,128.2023884135,"중증정신질환자 관리사업, 정신건강증진/환경조성사업, 자살예방사업",09:00,18:00,"토,일요일,공휴일",169.64,1,4,8,0,0,0,054-554-0802,문경대학교,054-559-1032,문경시보건소,2020-07-06,5120000,경상북도 문경시
경주시정신건강증진센터,정신보건,경상북도 경주시 양정로 300,경상북도 경주시 동천동 987,35.85948296,129.224632,"중증정신질환관리사업, 정신건강증진사업, 아동청소년 정신건강증진사업, 자살예방 및 정신건강증진사업, 정신보건환경조성사업",09:00,18:00,주말 및 공휴일,112,1,1,8,0,2,전문의 상담시 전화예약 필수,054-741-2300,새빛병원,054-779-8652,경상북도 경주시 보건소,2020-07-03,5050000,경상북도 경주시
진주시 정신건강복지센터,정신보건,"경상남도 진주시 월아산로 983, 2층","경상남도 진주시 문산읍 삼곡리 995-1, 2층",35.1591275232,128.163613,"주간재활프로그램, 무료상담소 운영, 정신질환 의료비 지원 등",09:00,18:00,매주 토요일+매주 일요일+공휴일,,1,12,2,,,전화 요망,055-749-5774,,,진주시 보건소,2020-06-30,5310000,경상남도 진주시
사천시정신건강복지센터,정신보건,경상남도 사천시 용현면 시청로 77-1,,35.0044821464,128.0641106274,지역주민 정신건강증진사업,09:00,18:00,매주토요일+일요일+공휴일,,0,6,1,0,임상자문의(1),,055-831-2794,,055-831-3575,사천시 보건소,2020-10-20,5340000,경상남도 사천시
울산광역시 동구보건소 건강증진센터,건강증진,울산광역시 동구 봉수로 155,울산광역시 동구 화정동 222,35.5050697141,129.4164300357,장애인 전용 건강증진 프로그램 운영,09:00,18:00,"공휴일, 주말",277.38,0,1,0,0,"물리치료사(2), 운동처방사(1)",12:00~13:00 중식시간 이용불가,052-209-4058,울산동구보건소,052-209-4053,울산광역시 동구보건소,2020-10-15,6310000,울산광역시
울산광역시동구정신건강증진센터,정신보건,울산광역시 동구 봉수로 155,울산광역시 동구 화정동 222,35.5050697141,129.4164300357,"만성정신질환자관리, 지역주민 정신건강증진, 아동청소년정신보건, 자살예방사업",09:00,18:00,"공휴일, 주말",178.5,1,0,7,0,정신보건임상심리사(2),12:00~13:00 중식시간 이용불가,052-209-1040,울산대학교병원,052-209-6968,울산광역시 동구보건소,2020-10-15,6310000,울산광역시
울산광역시남구정신건강복지센터,정신보건,울산광역시 남구 삼산중로 132,울산광역시 남구 삼산동 1538-4,35.5453601,129.3363124,"정신질환자 재활, 정신건강교육.상담.홍보, 자살예방사업",09:00,18:00,"토요일, 공휴일",288.64,1,6,7,0,임상심리사2,,052-227-1116,큰빛병원,052-226-2450,울산광역시 남구보건소,2020-10-15,6310000,울산광역시
무거건강생활지원센터,건강증진,울산광역시 남구 대학로 147번길 41-26,울산광역시 남구 무거동 1533-6,35.55124599,129.2596398,건강생활습관 형성지원 및 만성질환 예방관리,09:00,18:00,"토요일, 공휴일",1226,0,4,0,2,센터장(1)+물리치료사(2)+운동사(2),,052-226-2345,무거건강생활지원센터,052-226-2805,울산광역시 남구보건소,2020-10-15,6310000,울산광역시
울산중구정신건강복지센터,정신보건,울산광역시 중구 외솔큰길 225,"울산광역시 중구 남외동 603-2, 중구보건소 3층",35.569483,129.350445,"중증정신건강사업, 자살예방사업, 아동 청소년 정신건강증진사업",09:00,18:00,"토요일, 일요일, 공휴일",330,1,1,8,0,임상심리사(4),,052-292-2900,사람이 소중한 병원,052-290-4361,울산광역시 중구보건소,2020-10-15,6310000,울산광역시
광산구중독관리통합지원센터,정신보건,"광주광역시 광산구 상무대로 239-1, 5층",,35.1406209456,126.7932444811,"알코올 중독자 사례관리, 재활프로그램 등 운영",09:00,18:00,"주말, 공휴일",161,1,3,7,0,0,없음,062-714-1233,광산구중독관리통합지원센터,062-960-8981,광산구 건강증진과,2020-07-01,3630000,광주광역시 광산구
송광정신재활센터,정신보건,광주광역시 광산구 우산로 17,,35.1598235851,126.8041452439,정신질환자 재활프로그램 운영 및 사회복귀 도모,09:00,18:00,"주말, 공휴일",129.14,0,0,3,0,0,정원:20명,062-841-8250,송광정신재활센터,062-960-8981,광산구 건강증진과,2020-07-01,3630000,광주광역시 광산구
해운대구건강증진센터,건강증진,부산광역시 해운대구 반송로 853,부산광역시 해운대구 반송동 683-48,35.23004498,129.1478938,예방보건 다목적 체육시설,06:00,18:00,"토?일요일, 공휴일",4163.08,0,0,0,0,30명,,051-717-3445,(사)해운대스포츠클럽,051-749-7505,해운대구보건소,2020-06-15,3330000,부산광역시 해운대구
관악구정신건강복지센터,정신보건,,서울특별시 관악구 봉천동 1570-1,37.4782097744,126.9515031667,"중증정신질환관리, 아동청소년정신건강관리, 정신건강증진, 자살예방사업",09:00,18:00,"매주토요일,일요일,공휴일",189.18,0,2,13,,1,,02-879-4911,서울특별시 관악구 보건소,02-879-7182,서울특별시 관악구청,2020-06-03,3200000,서울특별시 관악구
영천시정신건강복지센터,정신보건,경상북도 영천시 조양공원길 21,경상북도 영천시 창구동 7,35.966608,128.9322974,정신건강관리,09:00,18:00,"공휴일,토,일요일",,1,4,6,,1,,054-331-6770,,054-339-7816,영천시보건소,2020-06-29,5100000,경상북도 영천시
남양주시정신건강복지센터,정신보건,경기도 남양주시 경춘로 1037,경기도 남양주시 금곡동 185-10,37.6366154897,127.2179956504,"중증정신질환자관리,자살시도자관리,정신건강증진사업,자살예방사업",09:00,18:00,토요일+일요일+공휴일,105.7,1,6,12,0,1,,031-592-5891,축령복음병원,031-590-4461,남양주보건소,2020-06-30,3990000,경기도 남양주시
와부건강생활지원센터,건강증진,경기도 남양주시 와부읍 월문천로 35,경기도 남양주시 와부읍 덕소리 117-1,37.5855145468,127.2163294136,"만성질환 예방관리, 건강생활실천 상담, 교육프로그램 운영",09:00,18:00,토요일+일요일+공휴일,664,0,1,0,0,2,,031-590-4394,,,남양주보건소,2020-06-30,3990000,경기도 남양주시
화도건강생활지원센터,건강증진,경기도 남양주시 화도읍 비룡로 59,경기도 남양주시 화도읍 마석우리 548,37.6578481695,127.3007103215,"만성질환 예방관리, 건강생활실천 상담, 교육프로그램 운영",09:00,18:00,토요일+일요일+공휴일,825,0,2,0,1,1,,031-590-8434,,,남양주보건소,2020-06-30,3990000,경기도 남양주시
호평건강생활지원센터,건강증진,경기도 남양주시 호평로68번길 21,경기도 남양주시 호평동 669,37.6545666634,127.2489491400,"만성질환 예방관리, 건강생활실천 상담, 교육프로그램 운영",09:00,18:00,토요일+일요일+공휴일,253,0,1,0,1,1,,031-590-8084,,,남양주보건소,2020-06-30,3990000,경기도 남양주시
장계면건강생활지원센터,건강증진,전라북도 장수군 장계면 한들로 124,전라북도 장수군 장계면 장계리 358-37,35.73113068,127.5856752,만성질환예방및건강한생활습관 형성 지원,09:00,18:00,공휴일,,0,0,0,1,4,"만성질환관리, 금연클리닉, 운동(처방)실, 영양상담 등",063-352-8700,보건사업과,063-350-2651,장수군청,2020-09-16,4750000,전라북도 장수군
강동구정신건강복지센터,정신보건,서울특별시 강동구 성내로 45,서울특별시 강동구 성내2동 541-2번지,37.5295419850,127.125597,"중증사례관리사업,아동청소년사업,우울자살예방사업,지역환경조성사업",09:00,18:00,"토요일,일요일,공휴일",77.28,1,0,11,0,1,강동구민누구나(문의후이용),02-471-3223,국립중앙의료원,02-2260-7092,서울특별시 강동구보건소,2020-09-11,3240000,서울특별시 강동구
광양시건강증진센터,건강증진,전라남도 광양시 광양읍 인덕로 1100,전라남도 광양시 광양읍 칠성리 70,34.9809767437,127.5836111,"건강증진사업,모바일헬스케어,워크온",09:00,18:00,"주말,공휴일",178,1,2,0,1,3,,061-797-4103,광양시보건소,061-797-4018,광양시보건소,2020-09-07,4840000,전라남도 광양시
광양시 정신건강복지센터,정신보건,전라남도 광양시 광양읍 인덕로 1100,전라남도 광양시 광양읍 칠성리 70,34.9809767437,127.5836111,"중증정신질환자 관리사업, 아동청소년 정신건강증진사업, 자살예방사업 등",09:00,18:00,공휴일,,1,4,1,,,,061-797-3746,광양시보건소,061-797-3784,광양시보건소,2020-09-07,4840000,전라남도 광양시
광양시치매안심센터,정신보건,전라남도 광양시 광양읍 호북길 13-3,전라남도 광양시 광양읍 칠성리 898-3,34.9801019362,127.5836111,"치매상담·등록,조기검진, 치매예방프로그램 운영, 공공후견인 사업,치매안심마을, 치매인식개선 홍보, 지역 치매네크워크 구축, 치매환자 약제비 지원, 조호물품지급, 쉼터운영, 치매가족지원 등",09:00,18:00,"주말,공휴일",593,1,7,1,,1,,061-797-4059,광양시보건소,061-797-4124,광양시보건소,2020-09-07,4840000,전라남도 광양시
정신건강복지센터,정신보건,경상남도 양산시 중앙로 7-32,경상남도 양산시 다방동 506-3,35.33215753,129.0379934,"정신건강증진사업, 자살예방사업",09:00,18:00,법정공휴일휴무,273,1,1,6,0,0,,055-367-2255,정신건강복지센터,055-392-5721,양산시보건소,2020-09-10,5380000,경상남도 양산시
단양군 CCTV통합관제센터 체력단련실,건강증진,충청북도 단양군 단양읍 별곡1로 17,충청북도 단양군 단양읍 별곡리 311,36.98473681,128.3674437,체력단련실,06:00,21:00,코로나19 종료 시 연중무휴,,0,0,0,0,1,"043-420-3277, 3255,3227",043-420-3277,단양군보건소,043-420-3277,단양군보건소,2020-09-03,4480000,충청북도 단양군
횡성군정신건강복지센터,정신보건,강원도 횡성군 횡성읍 횡성로 379,강원도 횡성군 횡성읍 읍하리 598,37.4871296,127.9844504,"중증정신질환자관리 및 자살예방사업, 신규정신질환자 발굴 및 프로그램 운영",09:00,18:00,법정공휴일,185,1,3,4,0,1,1577-0199,033-345-9901,연세대학교 원주 세브란스 기독병원,033-340-5618,강원도 횡성군 보건소,2020-08-10,4260000,강원도 횡성군
포천시정신건강복지센터,정신보건,경기도 포천시 포천로 1612,경기도 포천시 신읍동 164-3,37.9008257596,127.2012628485,"시민 정신건강 증진, 중증정신질환자 지역사회 통합, 자살 위험없는 안전사회 구현",09:00,18:00,"매주토, 일공휴일",225,1,1,17,0,0,,031-542-0222,의료법인 일심의료재산,031-538-2114,경기도 포천시청,2020-06-30,5600000,경기도 포천시
금천구정신건강복지센터,정신보건,서울특별시 금천구 시흥대로 123길 11,서울특별시 금천구 독산동 289-5,37.4702190458,126.897019,"중증정신질환자관리,아동청소년정신건강사업,알코올중독관리사업,자살위기대응사업",09:00,18:00,"토요일,일요일,공휴일",429,1,1,14,0,,,02-3281-9314,의료법인 새움의료재단,02-2627-2656,서울특별시 금천구 보건소,2020-09-07,3170000,서울특별시 금천구
대구남구정신건강복지센터,정신보건,대구광역시 남구 영선길 34,대구광역시 남구 대명동 2003,35.853883,128.5915236599,중증정신질환자관리사업 아동청소년정신보건사업 자살예방사업 정신건강증진사업,09:00,18:00,"토요일, 일요일, 공휴일",122.5,1,2,3,0,임상심리사(2),,053-628-5863,영남대학교의료원,053-664-3632,대구광역시 남구보건소,2020-08-31,3440000,대구광역시 남구
수서동건강증진센터,건강증진,서울특별시 강남구 밤고개로1길 52,서울특별시 강남구 수서동718,37.4890010498,127.1052745,"대사증후군관리,만성질환관리",09:00,18:00,매주토요일+매주일요일+공휴일,40,0,2,0,0,0,검사전날밤10시부터 금식 요망,02-3423-8773,강남구 보건소,02-3423-7111,강남구 보건소,2020-09-03,3220000,서울특별시 강남구
세곡동건강증진센터,건강증진,서울특별시 강남구 밤고개로 286,서울특별시 강남구 율현동 278-1,37.4690094,127.1069041,"대사증후군관리,만성질환관리,고혈압,당뇨 교육",09:00,17:00,매주토요일+매주일요일+공휴일,12,0,1,0,0,0,검사전날밤11시부터 금식 요망,02-3423-8688,강남구 보건소,02-3423-7112,강남구 보건소,2020-09-03,3220000,서울특별시 강남구
구미시정신건강복지센터,정신보건,경상북도 구미시 선산대로 111,경상북도 구미시 지산동 853-12,36.13993105,128.3459831,"중증정신질환자 관리, 자살예방, 아동정신건강관리",09:00,18:00,"매주 토,일, 공휴일",,0,8,5,0,0,,054-480-4045,경북대학교,054-480-4041,구미시구미보건소,2020-06-30,5080000,경상북도 구미시
구미중독관리통합지원센터,정신보건,경상북도 구미시 검성로 115 복합상가동,경상북도 구미시 황상동 110,36.11857165,128.4314026,"알코올, 마약, 게임 중독관리",09:00,18:00,"매주 토,일, 공휴일",,1,1,4,0,0,,054-474-9791,대구가톨릭사회복지재단,054-480-4041,구미시구미보건소,2020-06-30,5080000,경상북도 구미시
웰빙건강클리닉센터(우정),건강증진,경기도 화성시 우정읍 쌍봉로 109-14,경기도 화성시 우정읍 조암리 411-1번지,37.0898254580,126.8153597,생애주기별_신체활동프로그램_제공,09:00,18:00,토요일_일요일_공휴일,361,0,0,0,1,2,0,031-5189-6413,한신대학교산학협력단,031-5189-6212,화성시보건소,2020-05-27,5530000,경기도 화성시
웰빙건강클리닉센터(서신),건강증진,경기도 화성시 서신면 궁평항로 1702,경기도 화성시 서신면 매화리 277번지,37.1665872496,126.7087366390,생애주기별_신체활동프로그램_제공,09:00,18:00,토요일_일요일_공휴일,160,0,0,0,0,3,0,031-5189-6482,한신대학교산학협력단,031-5189-6212,화성시보건소,2020-05-27,5530000,경기도 화성시
U_만성질환관리센터(보건소),건강증진,경기도 화성시 향남읍 3.1만세로 1055,경기도 화성시 향남읍 발안리 309번지,37.1292821092,126.9045562919,고혈압_당뇨병_이상지질혈증_비만_비약물관리,09:00,18:00,토요일_일요일_공휴일,84,0,1,0,1,1,0,031-5189-6371,수원여자대학교산학협력단,031-5189-4738,화성시보건소,2020-05-27,5530000,경기도 화성시
U_만성질환관리센터(동탄),건강증진,경기도 화성시 노작로 226-9,경기도 화성시 석우동 60번지,37.2070700716,127.0785988724,고혈압_당뇨병_이상지질혈증_비만_비약물관리,09:00,18:00,토요일_일요일_공휴일,330,0,1,0,1,2,0,031-5189-4374,수원여자대학교산학협력단,031-5189-4738,화성시보건소,2020-05-27,5530000,경기도 화성시
U_만성질환관리센터(기배),건강증진,경기도 화성시 기안남로 62,경기도 화성시 기안동 457-21번지,37.2243340302,126.9846354044,고혈압_당뇨병_이상지질혈증_비만_비약물관리,09:00,18:00,토요일_일요일_공휴일,171,0,1,0,1,1,0,031-5189-4491,수원여자대학교산학협력단,031-5189-4738,화성시보건소,2020-05-27,5530000,경기도 화성시
U_만성질환관리센터(봉담),건강증진,경기도 화성시 봉담읍 동화새터길 109,경기도 화성시 봉담읍 동화리 614번지,37.2170553745,126.9611032325,고혈압_당뇨병_이상지질혈증_비만_비약물관리,09:00,18:00,토요일_일요일_공휴일,273,0,1,0,1,2,0,031-5189-6253,수원여자대학교산학협력단,031-5189-4738,화성시보건소,2020-05-27,5530000,경기도 화성시
울주군정신건강복지센터,정신보건,울산광역시 울주군 삼남면 서향교1길 67-12,울산광역시 울주군 삼남면 교동리 1605-1,35.5583314,129.113771,"중증정신질환자관리, 정신건강증진, 자살예방사업, 아동청소년 정신건강증진 등",09:00,18:00,"토, 일요일,공휴일",102.9,0,2,10,0,임상심리사 1,,052-262-1148,세광병원,052-204-2733,울산광역시 울주군보건소,2020-10-15,6310000,울산광역시
파주시정신건강복지센터,정신보건,경기도 파주시 조리읍 봉천로 68,경기도 파주시 조리읍 봉일천리 188-9,37.74507915,126.8050097,정신질환 예방 및 정신질환자 등록 관리,09:00,18:00,토+일+공휴일,714.8,1,4,15,0,0,0,031-942-2117,동국대학교 일산병원,031-940-5464,파주시,2020-03-18,4060000,경기도 파주시
북삼건강생활지원센터,건강증진,강원도 동해시 청운로 96,강원도 동해시 쇄운동 157-1,37.4885287262,129.1026734685,"대사증후군관리사업, 금연지원사업",09:00,18:00,토+일요일+공휴일,1454,0,6,0,1,3,"대사증후군관리센터-전날10시부터 금식, 금연지원사업-매주수요일 이동클리닉운영",033-530-2423,동해시보건소,033-530-2401,강원도 동해시보건소,2020-10-16,4210000,강원도 동해시
묵호건강증진센터,건강증진,강원도 동해시 발한로 227 (발한동),강원도 동해시 발한동 17-9,37.5495162,129.1081409,"심뇌혈관질환예방관리사업, 동해시치매안심센터",09:00,18:00,토+일요일+공휴일,1454,0,8,2,1,3,"치매 검진 : 만60세 이상, 년1회 검진",033-530-2426,동해시보건소,033-530-2401,강원도 동해시보건소,2020-10-16,4210000,강원도 동해시
광진구정신건강복지센터,정신보건,"서울특별시 광진구 긴고랑로 110, 4층","서울특별시 광진구 중곡동 125-11, 4층",37.55930711,127.0870911923,"중증정신질환자 등록 및 사례관리, 아동청소년 정신건강사업, 정신장애인 재활프로그램 운영, 정신건강상담",09:00,18:00,매주토요일+매주일요일+공휴일,309,1,4,9,,,,02-450-1895,국립정신건강센터,02-450-1934,서울특별시 광진구 보건소,2020-10-14,3040000,서울특별시 광진구
진산요양원,정신보건,전라남도 나주시 노안면 노안삼도로 507-22,전라남도 나주시 노안면 오정리 301-28,35.089994,126.6945442,정신요양시설운영,09:00,18:00,일요일+공휴일,,1,5,11,1,9,상담후 결정,061-336-1911,진산요양원,062-608-3283,광주광역시 동구보건소,2020-10-16,3590000,광주광역시 동구
빛고을정신요양원,정신보건,전라남도 나주시 다도면 다도로 287-22,전라남도 나주시 다도면 송학리 990-3,34.98546561,126.8276577,정신요양시설운영,09:00,18:00,일요일+공휴일,,1,6,16,1,15,상담후 결정,061-337-3427,빛고을정신요양원,062-608-3283,광주광역시 동구보건소,2020-10-16,3590000,광주광역시 동구
광주동구정신건강복지센터,정신보건,광주광역시 동구 서남로 1,광주광역시 동구 서석동 31,35.14614143,126.9230951,정신 건강예방서비스,09:00,18:00,일요일+공휴일,,1,4,9,0,0,상담후 결정,062-233-0468,광주동구정신건강복지센터,062-608-3282,광주광역시 동구보건소,2020-10-16,3590000,광주광역시 동구
서원정신건강복지센터,정신보건,충청북도 청주시 서원구 구룡산로 235,충청북도 청주시 서원구 수곡동 901,36.61602197,127.4713297,"정신건강, 질병예방, 건강관리",09:00,18:00,토요일+일요일+공휴일,294.37,0,0,0,0,9,,043-291-0199,서원정신건강복지센터,043-201-3263,서원보건소,2020-07-09,5710000,충청북도 청주시
흥덕정신건강복지센터,정신보건,충청북도 청주시 흥덕구 비하로15번길 16,충청북도 청주시 흥덕구 비하동 121-7,36.62858039,127.4242658,"정신건강, 질병예방, 건강관리",09:00,18:00,토요일+일요일+공휴일,366.01,0,0,0,0,8,,043-234-8686,흥덕정신건강복지센터,043-201-3363,흥덕보건소,2020-07-09,5710000,충청북도 청주시
청원정신건강복지센터,정신보건,충청북도 청주시 청원구 오창읍 과학산업3로 238,충청북도 청주시 청원구 오창읍 각리 639-1,36.71040553,127.4304724,"정신건강, 질병예방, 건강관리",09:00,18:00,토요일+일요일+공휴일,282.3,0,0,0,0,8,,043-215-6868,청원정신건강복지센터,043-201-3467,청원보건소,2020-07-09,5710000,충청북도 청주시
보은군정신건강복지센터,정신보건,충청북도 보은군 보은읍 동광길 45,충청북도 보은군 보은읍 삼산리 167-3,36.4859944415,127.716771435,"정신건강복지센터운영, 아동청소년 정신보건사업, 자살예방사업",09:00,18:00,"주5일제, 공휴일",262.05,1,0,8,,,,043-544-6991,보은군정신건강복지센터,043-540-5647,보은군보건소,2019-09-11,4420000,충청북도 보은군
함양군건강증진센터,건강증진,경상남도 함양군 함양읍 한들로 139,경상남도 함양군 함양읍 용평리 630-3,35.51955171,127.7314751,"정신, 재활사업",09:00,18:00,"주말, 공휴일",327.83,0,3,1,2,4,어린이급식관리지원,055-960-5337,함양군보건소,055-960-5331,경상남도 함양군청,2020-07-14,5460000,경상남도 함양군
노원구정신건강증진센터,정신보건,서울특별시 노원구 노해로 437,서울특별시 노원구 상계동 701-1 노원구청,37.6545813304,127.0569836607,정신질환자 등록관리,09:00,18:00,"매주토,일요일, 공휴일",67.3,0,4,12,0,임상심리사1명,음주 문제 상담 불가,02-2116-4591,노원구,02-2116-4357,서울특별시 노원구 보건소,2020-07-14,3100000,서울특별시 노원구
구례군 보건의료원 건강증진센터,건강증진,전라남도 구례군 구례읍 동편제길 30,전라남도 구례군 구례읍 백련리 576,35.2160741078,127.4617790107,"운동상담, 영양상담, 금연상담, 대사증후군 관리, 물리치료실",09:00,18:00,"매주 토요일, 일요일, 공휴일",978.19,0,2,0,1,물리치료사 2,,061-780-2017,구례군보건의료원,061-780-2017,구례군,2020-07-08,4870000,전라남도 구례군
달성군정신건강증진센터,정신보건,대구광역시 달성군 옥포읍 비슬로458길 6-2,대구광역시 달성군 옥포읍 기세리 267,35.789593,128.471279,"정신건강증진사업, 중증정신질환자 관리사업, 자살예방사업, 아동·청소년정신건강증진사업",09:00,18:00,"매주 토·일요일, 공휴일",166.25,1,0,1,0,정신건강사회복지사(7)임상심리사(1)정신건강임상심리사(2),,053-643-0199,동산병원,053-668-3772,대구광역시 달성군보건소,2020-07-02,3480000,대구광역시 달성군
장흥군건강증진센터,건강증진,전라남도 장흥군 장흥읍 흥성로 49,,34.6764676672,126.9083342821,"금연클리닉, 체성분 측정, 운동지도 등",09:00,18:00,공휴일 휴무,,0,0,0,0,3,,061-860-4000,장흥군보건소,061-860-4000,장흥군보건소,2020-07-06,4910000,전라남도 장흥군
건강증진센터,건강증진,경상북도 칠곡군 왜관읍 관문로1길 30,,35.990943,128.418512,"체력진단 및 운동처방, 혈압 및 혈당 등 건강검사, 영양상담 및 운동상담, 운동프로그램 운영",09:00,18:00,공휴일,324,0,1,0,1,운동처방사 1명,,054-979-8266,칠곡군보건소,054-979-8212,칠곡군보건소,2020-07-13,5220000,경상북도 칠곡군
안동시주민건강지원센터,건강증진,경상북도 안동시 서동문로 165,경상북도 안동시 북문동 58,36.5669985982,128.7302562437,"만성질환관리, 금연클리닉, 영양플러스, 건강증진실, 구강보건, 방문보건업무 등 건강증진프로그램 운영",09:00,18:00,"토,일,공휴일",,4,10,0,3,15,,054-840-5997,안동시보건소,054-840-5997,안동시보건소,2020-06-30,5070000,경상북도 안동시
연천군건강증진센터,건강증진,경기도 연천군 전곡읍 은대성로 95,경기도 연천군 전곡읍 은대리 577-36,38.02353445,127.0609628,"영양상담, 운동처방",09:00,18:00,"토요일, 일요일, 공휴일",205.5,0,0,0,2,,,031-839-4178,경기도 연천군 보건의료원,031-839-4178,경기도 연천군 보건의료원,2020-06-17,4140000,경기도 연천군
음성군 건강증진센터,건강증진,충청북도 음성군 음성읍 중앙로 49,충청북도 음성군 음성읍 406-4,36.9285496,127.6887223,운동기구를 활용한 체력단련,09:00,18:00,"매주 토요일,일요일,공휴일",379,0,1,0,1,운동처방사(1),,043-871-2089,충청북도 음성군 보건소,043-872-2136,충청북도 음성군청,2019-06-18,4470000,충청북도 음성군
남원시보건소 주민건강증진센터,건강증진,전라북도 남원시 요천로 1285 남원시보건소 주민건강증진센터,전라북도 남원시 조산동 455 남원시보건소 주민건강증진센터,35.397998,127.364363,체력단련실 금연클리닉 영양플러스실 운영,09:00,17:00,토일 및 공휴일,283,0,2,0,2,0,,063-620-7987,남원시보건소,063-620-7950,남원시보건소,2019-09-10,4700000,전라북도 남원시
태안군보건의료원 건강검진센터,건강증진,충청남도 태안군 태안읍 서해로 1952-16,충청남도 태안군 태안읍 평천리 698-6,36.7518786038,126.3231987083,국가 암 및 건강검진 등,09:00,18:00,"토, 일, 공휴일 휴무",330,2,6,0,1,3,0,041-671-5246,태안군보건의료원,041-671-5246,태안군보건의료원,2019-05-31,4620000,충청남도 태안군
순창건강증진센터,건강증진,전라북도 순창군 순창읍 순창5길11-6,전라북도 순창군 순창읍 남계리 649,35.3727937054,127.1407558560,"운동처방,건강증진",05:30,22:00,"일요일, 공휴일",1218,0,0,0,0,계약직(1)+청경(1)+공무직(1),,063-650-5256,순창군보건의료원,063-650-5314,순창군보건의료원,2019-06-30,4770000,전라북도 순창군
김천시 건강증진센터,정신보건,경상북도 김천시 농남로 42,경상북도 김천시 농소면 월곡리 700-2,36.1060885708,128.1724912941,정신건강증진 및 자살예방사업,09:00,18:00,"토,일 및 공휴일",181.7,1,4,2,0,0,,054-433-4005,김천시 보건소,054-421-2744,김천시 보건소,2019-09-23,5060000,경상북도 김천시
인천광역시 부평구 건강증진센터,건강증진,인천광역시 부평구 부흥로 287,인천광역시 부평구 부평동 442-3,37.498900,126.723770,"신체활동, 비만관리, 영양 프로그램 운영, 영양플러스 사업, 심뇌혈관질환예방관리사업, 노인건강관리사업 등",09:00,18:00,토/일/공휴일,245.1,0,4,0,6,운동사2명,"체성분검사 및 상담, 기초체력검사 및 상담, 대사증후군 검사 및 상담, 체력단련실 운영",032-509-8297,건강증진센터,032-509-8242,부평구보건소 건강증진과 건강생활팀,2019-09-20,3540000,인천광역시 부평구
시민건강증진센터,건강증진,강원도 춘천시 중앙로 131,강원도 춘천시 중앙로3가 67,37.875777,127.720819,"체성분 및 체력측정, 운동 및 영양 상담, 비만클리닉, 건강증진 프로그램 운영",09:00,18:00,"토요일,일요일,공휴일",459,0,1,0,2,2,체성분측정: 식후 2시간후에 측정가능,033-250-4693,춘천시보건소,033-250-3577,춘천시보건소,2019-08-29,4180000,강원도 춘천시
군포시정신복지센터,정신보건,경기도 군포시 군포로 221,경기도 군포시 부곡동 770-1,37.3330901,126.9256224,"만성정신장애인 관리, 정신보건사업, 주간재활 프로그램운영, 자살예방사업, 아동청소년정신보건사업,생명존중 및 노인자살예방사업",09:00,18:00,주말 및 공휴일,546.8,3,3,14,,,,031-461-1771,학교법인 일송학원 한림대학교성심병원,031-390-8944,경기도 군포시보건소,2019-09-18,4020000,경기도 군포시
장성군정신건강증진센터,건강증진,전라남도 장성군 장성읍 청운11길 13,전라남도 장성군 장성읍 영천리1475-4 보건소,35.3045428541,126.7824532467,"정신질환자 등록관리,자살예방사업, 아동청소년 정신보건사업",09:00,18:00,"일요일,?공휴일",158,1,1,4,0,,전문의?상담을?원하실?경우?예약필수,061-390-8376,장성군보건소,061-390-8373,장성군보건소,2019-06-30,4980000,전라남도 장성군
수원시중독관리통합지원센터,정신보건,경기도 수원시 팔달구 매산로 89,경기도 수원시 팔달구 매산로 3가 43-1,37.2704216,127.0106758,"알코올 및 기타중독자의 발견 및 등록사업, 가족전화 내방상담 교육",09:00,18:00,토요일+일요일+공휴일,274.67,0,3,5,,,,031-256-9478,장안구보건소,031-228-5908,수원시 장안구보건소,2020-08-13,3740000,경기도 수원시
수원시노인정신건강복지센터,정신보건,경기도 수원시 영통구 영통로 396,경기도 수원시 영통구 영통동 961-18,37.2568735,127.0697092,"노인정신건강 서비스 대상자 등록 및 관리, 의뢰체계 구축, 노인정신질환 관련 프로그램 운영",09:00,18:00,토요일+일요일+공휴일,205,1,4,9,,기타(1),,031-273-7515,장안구보건소,031-228-5908,수원시 장안구보건소,2020-08-13,3740000,경기도 수원시
평창군건강생활지원센터,건강증진,강원도 평창군 진부면 석두산2길 13,강원도 평창군 진부면 하진부리 251-2,37.637146,128.5535169743,"만선질환예방관리, 운동영양관리",09:00,21:00,토요일+일요일+공휴일,903,0,3,1,2,운동처방사+사회복무요원+공공근로,내소,033-336-6128,평창군보건의료원,033-330-2147,강원도 평창군,2020-10-14,4280000,강원도 평창군
부여군 건강재활센터,건강증진,충청남도 부여군 부여읍 성왕로 205,충청남도 부여군 부여읍 구아리 136,36.2830523119,126.9093363317,"장애인 등록관리 및 재활서비스 제공, 장애인 재활치료 및 사회참여 프로그램, 원스톱 건강관리 클리닉 및 운동처방실 운영, 대사증후군 건강관리 운동교실 운영 등",09:00,18:00,토요일+일요일+공휴일,823.67,0,0,0,1,물리치료사(1)+작업치료사(1)+운동처방사(1),"전화, 내소",041-830-8732,충청남도 부여군보건소,041-830-8600,충청남도 부여군보건소,2020-09-30,4570000,충청남도 부여군
오석산정신요양원,정신보건,충청남도 부여군 부여읍 청마로 61,충청남도 부여군 부여읍 능산리 213-3,36.2802559118,126.951891,만성정신질환자 입소 관리,09:00,18:00,공휴일,2155.415,1,3,7,1,시설장(1)+사무국장(1)+사무원(2)+전문요원(2)+조리원(2)+작업지도원(1)+관리인(1)+안전관리요원(1)+위생원(1),,041-835-5900,사회복지법인 오석산요양원,041-830-8623,충청남도 부여군보건소,2020-09-30,4570000,충청남도 부여군
부여군 정신건강복지센터,정신보건,충청남도 부여군 부여읍 성왕로 205,충청남도 부여군 부여읍 구아리 136,36.2830523119,126.9093363317,"지역사회 정신건강증진사업, 자살예방사업 등",09:00,18:00,토요일+일요일+공휴일,43.49,0,2,3,0,0,"전화, 내소",041-830-8626,충청남도 부여군보건소,041-830-8622,충청남도 부여군보건소,2020-09-30,4570000,충청남도 부여군
울산광역시 북구보건소 건강증진센터,건강증진,"울산광역시 북구 산업로 1018, 2층건강관리센터",울산광역시 북구 연암동 1082,35.5835548619,129.3607258,만성질환 예방 및 관리,09:00,18:00,"공휴일, 주말",943.48,0,3,0,2,운동처방사(2),12:00~13:00 중식시간 이용불가,052-241-8168,울산북구보건소,052-289-3450,울산광역시 북구 보건소,2020-10-15,6310000,울산광역시
김해시정신건강복지센터,정신보건,경상남도 김해시 분성로 227,경상남도 김해시 외동 1261-3,35.23243357,128.8705476,"중증정신질환관리, 자살예방 및 정신건강증진, 아동청소년 정신건강증진",09:00,18:00,"일요일, 공휴일",188.4,1,4,5,0,0,http://gmind.or.kr/,055-329-6323,장유누가병원,055-330-4000,김해시보건소,2020-09-22,5350000,경상남도 김해시
건강증진센터,건강증진,인천광역시 강화군 강화읍 충렬사로 26-1,인천광역시 강화군 강화읍 남산리 324-1,37.7372303913,126.4847095405,체력측정실 비만영양클리닉 금연클리닉 운동체험실 운영,09:00,18:00,토요일 일요일,,0,1,0,3,2,,032-930-4075,강화군보건소,032-930-4044,강화군보건소,2020-09-18,3570000,인천광역시 강화군
건강드림센터,건강증진,경상남도 밀양시 삼문중앙로 41,경상남도 밀양시 삼문동 159-1,35.485619,128.756009,"맞춤 운동처방 및 영양상담, 지역특화 건강증진 및 만성질환 관리 프로그램 운영",09:00,18:00,"토요일, 일요일, 공휴일",346.7,0,0,0,1,"건강운동관리사2, 사회복무요원(1), 공공근로(1)",,055-359-7056,밀양시보건소,055-359-7010,경상남도 밀양시청,2020-07-02,5360000,경상남도 밀양시
완도군건강생활지원센터,건강증진,전라남도 완도군 완도읍 청해진동로 70,,34.3177988290,126.735546,"운동,영양,비만, 절주관리",09:00,18:00,"토, 일, 공휴일",,0,3,0,,,,061-550-6714,,,완도군보건의료원,2020-07-31,4990000,전라남도 완도군
완도군정신건강복지센터,정신보건,전라남도 완도군 완도읍 농공단지길34,,34.3358232898,126.731327,"정신건강복지사업, 자살예방사업",09:00,18:00,주말 및 공휴일,,1,3,3,,,,061-550-6745,,,완도군,2020-07-31,4990000,전라남도 완도군
울주군정신건강복지센터,정신보건,울산광역시 울주군 삼남면 서향교1길 67-12,울산광역시 울주군 삼남면 교동리 1605-1,35.5583314,129.1137710,"중증정신질환자관리, 정신건강증진, 자살예방사업, 아동청소년 정신건강증진 등",09:00,18:00,"토, 일요일,공휴일",102.9,0,2,10,0,임상심리사 1,,052-262-1148,세광병원,052-204-2733,울산광역시 울주군보건소,2020-09-17,3730000,울산광역시 울주군
김포시보건소 건강증진센터,건강증진,경기도 김포시 사우중로 108(김포시보건소),경기도 김포시 사우동 869(김포시보건소),37.6237343863,126.7229474170,"기초체력검사/ 체성분 검사 및 운동처방 상담, 지도/ 대사증후군 상담",09:00,18:00,"토, 일, 공휴일",255,0,1,0,0,운동처방사1명,,031-980-5023,김포시보건소,031-980-5023,경기도 김포시청 보건소,2020-09-02,4090000,경기도 김포시
통합건강증진센터,건강증진,"부산광역시 사하구 하신중앙로185(신평동, 사하구제2청사)",부산광역시 사하구 신평동 646-2,35.09496298,128.9615461,"대사증후군 클리닉, 영양, 금연클리닉, 모바일헬스케어",09:00,18:00,"공휴일, 주말",,0,1,0,1,4,,051-220-5781,사하구 보건소,051-220-5712,사하구보건소,2020-09-23,3340000,부산광역시 사하구
사하구정신건강복지센터,정신보건,"부산광역시 사하구 장림번영로 41, 한국메디칼빌딩 5층(장림동)",부산광역시 사하구 장림동 325-67,35.08083406,128.9699332,"정신건강증진사업, 중증정신질환자관리사업, 아동청소년정신건강증진사업, 자살예방사업",09:00,18:00,"주말, 국가 지정 공휴일",334.73,0,1,13,0,4,,051-263-8891,부산정신병원,051-220-0071,사하구보건소,2020-09-23,3340000,부산광역시 사하구
의령군정신건강복지센터,정신보건,경상남도 의령군 의령읍 의병로 8길 16,경상남도 의령군 의령읍 서동리 534,35.31781892,128.2547695,"정신질환 예방, 상담, 치료연계, 정신질환자 주간재활프로그램 운영, 자살예방 및 정신건강증진 교육 등 군민정신건강증진 도모",09:00,18:00,"매주 토요일, 일요일, 공휴일",229.8,0,5,1,,,정신건강위기상담전화 운영 1577-0199,055-570-4091,의령군보건소,055-570-4022,의령군보건소,2020-09-24,5390000,경상남도 의령군
맞춤형건강클리닉,건강증진,인천광역시 연수구 함박뫼로 13,인천광역시 연수구 청학동 465-4,37.41913159,126.6711606,"치매검진, 당뇨.고혈압 상담 및 검사, 뇌경색.심뇌혈관질환, 정신건강 상담",09:00,18:00,"일요일, 공휴일",30,0,5,0,0,0,검사전날 오후8시 전까지 식사마치고 검사당일 아침 금식,032-749-8104,맞춤형건강클리닉,032-749-8122,인천광역시 연수구 보건소,2020-09-24,3520000,인천광역시 연수구
영광군정신건강복지센터,정신보건,전라남도 영광군 영광읍 신남로4길17,전라남도 영광군 영광읍 남천리 326,35.274681,126.504163,"정신질환자 사례관리및 상담 교육, 정신질환자사회복귀을 위한 프로그램",09:00,18:00,매주토요일+매주일요일+공휴일,,1,2,4,,,6시이후정신건강상담시 콜센터연결1393,061-350-4807,영광기독신하병원,061-350-5666,영광군보건소,2020-09-16,4970000,전라남도 영광군
영덕군정신건강복지센터,정신보건,경상북도 영덕군 영덕읍 경동로 8367,,36.4181546941,129.3676300616,"정신건강증진사업, 중증정신질환관리사업, 생명존중(자살예방)사업, 정신보건 환경조성사업",09:00,18:00,"매주 토요일,일요일,공휴일",,0,2,3,,,,054-730-7161,,,경상북도 영덕군 보건소,2020-07-15,5180000,경상북도 영덕군
보건소 건강증진센터,건강증진,경기도 광주시 중앙로 197,경기도 광주시 송정동 120-8,37.4168248269,127.2564388797,심뇌혈관예방관리+국가금연지원사업+건강생활실천사업+영양플러스사업,09:00,18:00,"매주 토일요일, 공휴일",,0,10,0,2,운동전문인력(1)기타(11),상담 및 교육은 예약제로 운영,031-760-4830,광주시 보건소,031-760-2110,경기도 광주시 보건소,2020-09-23,5540000,경기도 광주시
함평군통합건강관리센터,건강증진,전라남도 함평군 함평읍 중앙길 54-8,전라남도 함평군 함평읍 기각리 253,35.06189599,126.5242477,"신체활동, 영양, 비만 등 건강상담",09:00,18:00,"토, 일, 법정공휴일",245.68,0,0,0,1,2,,061-320-2451,함평군보건소,061-320-2413,함평군보건소,2020-09-22,4960000,전라남도 함평군
건강증진센터,건강증진,강원도 철원군 갈말읍 군탄로 16,강원도 철원군 갈말읍 군탄리960-2,38.1481381984,127.3025601991,"건강증진상담 및 교육, 운동프로그램운영",09:00,18:00,"법정공휴일, 임시 및 대체 공휴일",564.93,0,1,0,1,1,0,033-450-5123,건강증진센터,333-450-5550,철원군보건소,2020-09-21,4300000,강원도 철원군
구리시정신건강증진센터,건강증진,경기도 구리시 건원대로 34번길 84,경기도 구리시 인창동 674-3,37.604755,127.145063,"기초정신건강증진센터 운영, 정신질환자 치료비지원 사업, 아동·청소년 정신건강증진, 자살예방사업",09:00,18:00,"토요일,일요일,공휴일",330,1,9,13,0,0,방문전사전예약,031-550-8614,학교법인 한양학원(소관청 : 한양대학교구리병원),031-550-8628,경기도 구리시청 보건소,2020-07-30,3980000,경기도 구리시
하남시정신건강복지센터,정신보건,경기도 하남시 대청로 9,경기도 하남시 신장동 519-4번지,37.539985,127.213365,"정신건강증진사업, 아동청소년정신건강증진사업, 자살예방사업, 노인자살예방사업",09:00,18:00,"공휴일, 매주 토요일, 일요일",,1,4,14,,2,,031-793-6552,강동성심병원(의료법인 성심의료재단),031-790-5286,경기도 하남시보건소,2020-04-29,4040000,경기도 하남시
보령시보건소 건강증진센터,건강증진,충청남도 보령시 남포면 보령남로 234,충청남도 보령시 남포면 봉덕리 39-1,36.3245091585,126.6023711923,"개인 운동상담 및 체성분 측정, 영양상담, 건강상담",09:00,18:00,"토, 일, 법정공휴일",,0,0,0,1,1,041-930-0900,041-930-5964,보령시보건소,041-930-5964,보령시보건소,2020-09-14,4510000,충청남도 보령시
부산광역시 강서구 정신건강복지센터,정신보건,"부산광역시 강서구 공항진입로 8, ㈜제이슨인터네셔날 2층",부산광역시 강서구 대저2동 1892-2번지 2층,35.1813385091,128.9575791111,자살예방 및 정신건강증진 사업 등,09:00,18:00,"토, 일요일 및 공휴일",297,1,1,13,,1,내소 및 전화로 이용가능,051-973-3418,부산광역시 강서구 정신건강복지센터,051-970-2925,부산광역시 강서구 보건소,2020-09-15,3360000,부산광역시 강서구
광산구정신건강복지센터,정신보건,"광주광역시 광산구 상무대로 239-1, 3층",,35.1406209456,126.7932444811,"정신질환자 사례관리, 정신건강증진사업, 자살예방사업 등",09:00,18:00,"주말, 공휴일",448.3,1,3,12,0,1,없음,062-941-8567,광산구정신건강복지센터,062-960-8765,광산구 건강증진과,2020-07-01,3630000,광주광역시 광산구
검단건강생활지원센터,건강증진,인천광역시 서구 완정로 214 (금곡동),인천광역시 서구 금곡동 729-14,37.60359356,126.6529551,영양관리+대사증후군관리+비만+금연관리+임산부관리+구강건강+건강강좌,09:00,18:00,매주 토요일+일요일+공휴일,,0,3,0,1,운동처방사(1),,032-560-5090,인천광역시 서구 보건소,032-560-5090,인천광역시 서구 보건소,2020-10-15,3560000,인천광역시 서구
영등포구 정신건강복지센터,정신보건,서울특별시 영등포구 당산로 123(당산동3가),,37.52596316,126.8963671,"정신건강 고위험군 조기발견 및 조기개입, 생애주기별 정신건강 예방사업, 정신건강 취약지역 사업자살위기개입 및 관리",09:00,18:00,매주토요일+매주일요일+공휴일,273,0,11,3,0,0,,02-2670-4792,영등포구보건소직영,02-2670-4753,서울특별시 영등포구보건소(건강증진과),2020-10-15,3180000,서울특별시 영등포구
국제도시보건과,건강증진,인천광역시 중구 운남서로 100-1,인천광역시 중구 운남동 1511,37.49363305,126.5309952,"건강생활실천사업(운동,비만,영양,절주), 방문건강관리사업, 영양플러스사업, 모자보건사업, 치매관리 및 정신보건사업, 예방접종사업 등",09:00,18:00,토요일+일요일+공휴일,,1,14,0,1,11,,032-760-6804,국제도시보건과,032-760-6010,인천광역시 중구청,2020-10-15,3490000,인천광역시 중구
대구광역시 중구정신건강복지센터,정신보건,대구광역시 중구 태평로 45 중구보건소 3층,"대구광역시 중구 태평로3가 174-1, 중구보건소 3층",35.8779043552,128.583346,"중증정신질환자 관리, 자살예방 및 정신건강증진, 아동청소년 정신건강증진",09:00,18:00,"토요일, 일요일, 공휴일",132.6,1,1,6,0,정신건강임상심리사(2),"주말,야간 정신건강상담전화 1577-0199",053-256-2900,경북대학교병원,053-661-3853,대구광역시 중구보건소,2020-07-13,3410000,대구광역시 중구
남해군정신건강복지센터,정신보건,경상남도 남해군 남해읍 선소로 6,,34.84475014,127.8987863,"중증정신질환자관리, 주간재활프로그램운영",09:00,18:00,토요일+일요일+공휴일,307.55,1,3,3,0,0,,055-860-8785,남해군보건소,055-860-8785,남해군 보건소,2020-10-14,5430000,경상남도 남해군
남해군정신건강복지센터,정신보건,경상남도 남해군 남해읍 선소로 6,,34.84475014,127.8987863,"중증정신질환자관리, 주간재활프로그램운영",09:00,18:00,토요일+일요일+공휴일,307.55,1,3,3,0,0,,055-860-8785,남해군보건소,055-860-8785,남해군 보건소,2020-10-14,5430000,경상남도 남해군
원주시정신건강복지센터,정신보건,강원도 원주시 원일로 139,강원도 원주시 일산동 211,37.3515821,127.9467619,"정신질환관리, 지역주민 정신건강증진, 아동청소년 정신건강증진, 자살예방사업 등",09:00,18:00,토요일+일요일+공휴일,431.6,1,13,11,0,1,,033-746-0199,연세대학교 원주산학협력단,033-737-4083,강원도 원주시 보건소,2020-05-18,4190000,강원도 원주시
부산서구정신건강복지센터,정신보건,부산광역시 서구 부용로30,부산광역시 서구 부용동2가 86,35.10743623,129.018061,"중증정신질환자관리사업, 정신건강증진사업, 아동청소년정신보건사업, 자살예방사업",09:00,18:00,토요일+일요일+공휴일,,1,6,8,0,임상심리사(3),상담시 전화예약,051-246-1981,인제대학교 산학협력단,051-242-4000,부산광역시 서구 보건소,2020-09-17,3260000,부산광역시 서구
예산군보건소 건강증진센터,건강증진,충청남도 예산군 예산읍 군청로 22,충청남도 예산군 예산읍 예산리 777,36.68088054,126.8448507,"건강증진사업, 건강상담",09:00,18:00,토요일 + 일요일,4654.11,2,2,1,1,운동처방사(1),,041-339-6080,예산군보건소,041-339-6080,충남 예산군보건소,2020-10-13,4610000,충청남도 예산군
예산군정신건강복지센터,정신보건,충청남도 예산군 예산읍 군청로 22,충청남도 예산군 예산읍 예산리 777,36.68088054,126.8448507,"정신건강증진사업, 자살예방사업",09:00,18:00,토요일 + 일요일,4654.11,1,2,4,,,의사상담 사전예약,041-339-6111,예산군보건소,041-339-6111,충남 예산군보건소,2020-10-13,4610000,충청남도 예산군
예산정신요양원,정신보건,충청남도 예산군 예산읍 간양길 258,충청남도 예산군 예산읍 간양리 46,36.72533069,126.8784205,만정 정신질환자 요양 및 보호,00:00,00:00,없음,629.65,1,1,3,1,시설장(1)+사무국장(1)+사무원(1)+정신보건전문요원(2)+작업지도원(1)+조리원(2)+위생원(1)+경비원(1)+안전요원(1),,041-334-7951,예산정신요양원,041-339-6113,충남 예산군보건소,2020-10-13,4610000,충청남도 예산군
강릉남부건강생활지원센터,건강증진,강원도 강릉시 성덕포남로 80-22,강원도 강릉시 입암동 58,37.76323576,128.9188351,"건강마을만들기, 심뇌혈관질환예방사업, 한의약건강증진사업, 소생활권맞춤형건강증진사업",09:00,18:00,공휴일,,1,6,0,1,4,,033-660-2480,강릉시보건소,033-660-2480,강릉시보건소,2020-10-13,4200000,강원도 강릉시
건강증진실,건강증진,경상북도 봉화군 봉화읍 봉화로 1203,경상북도 봉화군 봉화읍 내성리 285,36.890511,128.7420904,건강증진,09:00,18:00,"토요일,일요일,공휴일",,0,0,0,1,0,,054-679-6736,경상북도 봉화군 보건소,054-679-6732,경상북도 봉화군 보건소,2020-10-12,5240000,경상북도 봉화군
정신건강복지센터,정신보건,경상북도 봉화군 봉화읍 봉화로 1203,경상북도 봉화군 봉화읍 내성리 285,36.890511,128.7420904,"정신건강증진사업,중증정신질환관리사업,자살예방사업,아동청소년 정신건강사업",09:00,18:00,"토요일,일요일,공휴일",,1,3,6,,심리상담사(1),,054-674-1126,태훈의료재단,054-679-6791,경상북도 봉화군 보건소,2020-10-12,5240000,경상북도 봉화군
금산군정신건강복지센터,건강증진,충청남도 금산군 금산읍 금산로 1559,충청남도 금산군 금산읍 중도리 203-1,36.112082,127.491624,"만성정신질환자관리, 자살예방사업, 아동청소년 정신건강사업",09:00,18:00,"매주 일요일, 공휴일",195,0,2,8,0,1,,041-751-4721,충남대학교 간호과학연구소,041-750-4364,충청남도 금산군 보건소,2020-09-28,4550000,충청남도 금산군
강북구구민건강관리센터,건강증진,서울특별시 강북구 삼양로 19길 154,서울특별시 강북구 미아동 1353-8,37.6170482,127.015605,"내과진료, 운동상담 및 처방",09:00,18:00,공휴일휴무,1492,1,1,0,1,1,,02-901-4801,강북구보건소,02-901-7612,강북구보건소,2020-09-17,3080000,서울특별시 강북구
암태건강증진센터,건강증진,전라남도 신안군 암태면 승봉로 38,전라남도 신안군 암태면 단고리 970-2,34.8262330001,126.1101211406,"의과,치과,한의과 진료",09:00,18:00,"토요일,일요일,공휴일",977,5,2,0,,,,061-271-1573,암태면보건지소,061-271-1004,신안군청,2020-09-28,5010000,전라남도 신안군
하의건강증진센터,건강증진,전라남도 신안군 하의면 하의로 250,전라남도 신안군 하의면 웅곡리 251-1,34.605756,126.0357690838,"의과,치과,한의과 진료",09:00,18:00,"토요일,일요일,공휴일",999.7,5,2,0,,,,061-275-4024,하의면보건지소,061-271-1004,신안군청,2020-09-28,5010000,전라남도 신안군
가거도건강증진센터,건강증진,전라남도 신안군 흑산면 가거도길 36,전라남도 신안군 흑산면 가거도리 산 136-15,34.052388,125.1266340520,"의과,치과,한의과 진료",09:00,18:00,"토요일,일요일,공휴일",900,4,1,0,,,,061-246-3585,가거도보건지소,061-271-1004,신안군청,2020-09-28,5010000,전라남도 신안군
홍도건강증진센터,건강증진,전라남도 신안군 흑산면 홍도 1길 32,전라남도 신안군 흑산면 홍도리 119,34.6831525866,125.191718,"의과,치과,한의과 진료",09:00,18:00,"토요일,일요일,공휴일",768,4,2,0,,,,061-246-3701,홍도보건지소,061-271-1004,신안군청,2020-09-28,5010000,전라남도 신안군
고흥군 보건소 건강증진센터,정신보건,전라남도 고흥군 고흥읍 등암3길 5,전라남도 고흥군 고흥읍 등암리 1258-21,34.592431,127.268515,"기초체력 및 체성분 측정 건강 및 영양, 신체활동 상담 지도 등",09:00,18:00,"토,일요일",641,0,0,0,1,1,평일 09:00~18:00,061-830-6635,직영,061-830-5562,고흥군보건소,2020-09-29,4880000,전라남도 고흥군
건강생활지원센터,건강증진,전라남도 순천시 팔마3길 14-7,전라남도 순천시 연향동 1682,34.9346569,127.5163774,"1. 5대 필수사업(금연, 절주, 영양, 신체활동, 만성질환 예방 및 관리)2. 원스톱 건강관리 사업(건강, 영양, 체력관리) 3. 건강 생활터 중심의 만성질환 관리사업 4. 지역사회 자원 협력 연계 사업추진 5. 주민주도 자조모임 활용 및 확대 운영6. 시민의 마음속으로 전문 서비스 제공7. 취약계층 건강관리 사업 8. 건강증진 프로그램 운영",09:00,18:00,주말휴무공휴일 휴무,,2,4,0,,스포츠지도사 1명,"층별이용안내1층- 건강상담실 :  혈압, 혈당, 콜레스테롤, 빈혈, 간기능 검사, 당화혈색소, 치매검사, 모바일헬스케어, 스트레스 측정, 금연 절주 등 건강상담 - 영양상담실 : 체성분 측정 및 영양 상담 - 소교육실(골반근",061-749-4260,순천시건강생활지원센터,061-749-6905,순천시보건소,2019-08-28,4820000,전라남도 순천시
대전광역시중구정신건강복지센터,정신보건,대전광역시 중구 수도산로 15,대전광역시 중구 대흥동 365-17,36.3203561,127.4258843,"중증정신질환자관리, 자살예방 및 정신건강증진사업, 아동청소년 정신건강증진사업",09:00,18:00,"토요일, 공휴일",294.57,1,2,11,,,,042-257-9930,가톨릭대학교 대전성모병원,042-288-8164,대전광역시 중구,2020-09-03,3650000,대전광역시 중구
통합건강증진센터,건강증진,경상북도 포항시 북구 삼흥로 98,경상북도 포항시 북구 장성동 1363,36.0706618169,129.3804374280,"대사증후군 관리 원스톱 운영, 생애주기별, 생활터별 건강증진 프로그램 운영, 모바일헬스케어 운영",09:00,18:00,"토요일, 일요일, 공휴일",336,0,2,0,1,운동처방사 1명,,054-270-4105,통합건강증진센터,054-270-4105,포항시 북구보건소,2020-08-24,5020000,경상북도 포항시
통합건강증진센터,건강증진,경상북도 포항시 남구 동해안로 6119,경상북도 포항시 남구 인덕동 161-1,35.99244128,129.396245,"대사증후군 관리 원스톱 운영, 생애주기별, 생활터별 건강증진 프로그램 운영, 모바일헬스케어 운영",09:00,18:00,"토요일, 일요일, 공휴일",,0,2,0,1,운동처방사 1명,,054-270-4081,통합건강증진센터,054-270-4081,포항시 남구보건소,2020-08-24,5020000,경상북도 포항시
동래구정신건강복지센터,정신보건,부산광역시 동래구 명륜로187번길 56,부산광역시 동래구 명륜동 702-54,35.21140793,129.0798561,지역정신건강증진,09:00,18:00,공휴일 휴무,103,1,0,15,,0,0,051-507-7306,동래구보건소(상록병원위탁),051-550-6696,동래구보건소,2020-08-17,3300000,부산광역시 동래구
기장군 정신건강증진센터,정신보건,부산광역시 기장군 정관읍 용수로 11,부산광역시 기장군 정관읍 용수리 1314-1,35.32519573,129.1793749,정신건강증진사업 자살예방사업 중증정신질환자 관리 등,09:00,18:00,토요일 일요일 공휴일,63.5,1,4,8,0,2,예약 후 방문,051-709-2983,인제대학교 해운대백병원,051-709-2934,부산광역시 기장군 보건소,2020-08-24,3400000,부산광역시 기장군
건강증진센터,건강증진,경기도 오산시 경기동로 59,경기도 오산시 오산동 25,37.15936876,127.0778335,"대사증후군관리, 영양관리, 비만관리, 신체활동교육",09:00,18:00,"토요일, 일요일, 공휴일",,0,2,0,1,운동처방사(2),대사증후군 검사 전날 최소 10시간 금식,031-8036-6071,오산시보건소,031-8036-6025,오산시보건소,2020-09-01,4000000,경기도 오산시
울산중구정신건강복지센터,정신보건,울산광역시 중구 외솔큰길 225 중구보건소 3층(남외동),"울산광역시 중구 남외동 603-2, 중구보건소 3층",35.569483,129.350445,"중증정신건강사업, 자살예방사업, 아동 청소년 정신건강증진사업",09:00,18:00,"토요일, 일요일, 공휴일",330,1,1,8,0,임상심리사(4),,052-292-2900,사람이 소중한 병원,052-290-4361,울산광역시 중구보건소,2020-07-06,3690000,울산광역시 중구
거창군정신건강복지센터,건강증진,경상남도 거창군 거창읍 거함대로 3079,경상남도 거창군 거창읍 송정리 332-3,35.6809363016,127.8987273799,"재가정신보건대상자 등록 관리, 주간재활프로그램 운영, 지역주민 정신건강상담 및 지원, 자살예방사업 등",09:00,18:00,"토요일,일요일,공휴일",192,1,7,0,0,0,정신건강의학과 전문의 상담 필요시 사전 연락요망,055-940-8388,경상남도 거창군보건소,055-940-8310,경상남도 거창군청,2020-07-23,5470000,경상남도 거창군
양양군정신건강복지센터,정신보건,강원도 양양군 양양읍 양양로 9-5,강원도 양양군 양양읍 연창리 203-5,38.0778452835,128.6274870672,"만성정신질환자관리,정신건강증진사업,생명존중사업",09:00,18:00,"토,일요일,공휴일",80,1,2,5,0,0,,033-673-0197,강릉동인병원,033-670-2496,양양군보건소,2020-07-03,4350000,강원도 양양군
울릉군 통합건강증진실,건강증진,경상북도 울릉군 울릉읍 울릉순환로 396-18,,37.48590672,130.8988326,"통합건강증진사업(금연, 절주, 신체활동, 영양구강, 심뇌혈관질환예방관리, 아토피천식, 여성어린이특화, 재활, 방문건강관리 등), 기초건강측정(혈압, 혈당, 염도, CO)",09:00,18:00,"토,일요일 및 공휴일",,0,1,3,0,1,보건학전공자 1,054-790-6826,-,054-790-6823,울릉군보건의료원,2020-07-13,5260000,경상북도 울릉군
상주시정신건강복지센터,정신보건,경상북도 상주시 경상대로 3023,경상북도 상주시 무양동 33-4,36.4169133052,128.1508540741,"중증정신질환자관리, 정신건강증진, 자살예방",09:00,18:00,"매주 토요일, 일요일, 공휴일",130.9,1,1,8,0,0,정신과 전문의 상담 예약 필수,054-536-0668,의료법인 심천의료재단,054-537-5251,상주시보건소,2020-07-13,5110000,경상북도 상주시
광명시시민건강증진센터,건강증진,경기도 광명시 광명로 942-1,경기도 광명시 광명동 92-10,37.4827815427,126.8562961217,"건강기초검사 및 상담, 어린이 건강체험관, 어르신 운동 프로그램 운영",09:00,18:00,법정공휴일,,0,2,0,2,"2(행정,청원경찰)",건물 3층 치매안심센터 위치,02-2680-0975,광명시보건소,02-2680-0965,광명시보건소,2020-07-15,3900000,경기도 광명시
삼척시정신건강복지센터,정신보건,강원도 삼척시 척주로 76,강원도 삼척시 남양동 347-4,37.443752300,129.172212905,자살예방 및 정신건강증진사업,09:00,18:00,매주토·일요일+공휴일,,1,2,9,,,,033-574-0190,의료법인 동해동인의료재단,033-570-4696,강원도 삼척시보건소,2020-07-27,4240000,강원도 삼척시
울산광역시 동구보건소 건강증진센터,건강증진,울산광역시 동구 봉수로 155,울산광역시 동구 화정동 222,35.5047924215,129.4165894372,장애인 전용 건강증진 프로그램 운영,09:00,18:00,"공휴일, 주말",277.38,0,1,0,0,"물리치료사(2), 운동처방사(1)",12:00~13:00 중식시간 이용불가,052-209-4058,울산동구보건소,052-209-4053,울산광역시동구보건소,2020-07-15,3710000,울산광역시 동구
울산광역시동구정신건강증진센터,정신보건,울산광역시 동구 봉수로 155,울산광역시 동구 화정동 222,35.5047924215,129.4165894372,"만성정신질환자관리, 지역주민 정신건강증진, 아동청소년정신보건, 자살예방사업",09:00,18:00,"공휴일, 주말",178.5,1,0,7,0,정신보건임상심리사(2),12:00~13:00 중식시간 이용불가,052-209-1040,울산대학교병원,052-209-6968,울산광역시동구보건소,2020-07-15,3710000,울산광역시 동구
마산정신건강복지센터,정신보건,경상남도 창원시 마산합포구 월영동북로 15,경상남도 창원시 마산합포구 해운동 61-1,35.18239943,128.5628985,"중증정신질환자 관리, 자살예방 및 정신건강증진, 아동청소년정신건강증진",09:00,18:00,매주 토요일+일요일+공휴일,,1,1,4,,임상심리사(1),,055-225-6032,마산보건소 건강관리과,055-225-6031,경상남도 창원시청,2020-07-14,5670000,경상남도 창원시
진해구건강증진센터,건강증진,경상남도 창원시 진해구 진해대로 1101,경상남도 창원시 진해구 풍호동 1,35.13143307,128.7101598,"맞춤형운동처방실, 건강증진프로그램 운영",09:00,17:00,매주 토요일+일요일+공휴일,,0,1,0,1,운동처방사(2),,055-225-6187,진해보건소 보건행정과,055-225-6101,경상남도 창원시청,2020-07-14,5670000,경상남도 창원시
창원정신건강복지센터,정신보건,경상남도 창원시 의창구 중앙대로 162번길 9,경상남도 창원시 의창구 신월동 96-2,35.2278522640,128.6855358235,정신건강증사업 및 자살예방사업,09:00,18:00,매주 토요일+일요일+공휴일,131.9,1,2,5,,,,055-287-1223,청아의료재단 동서병원,055-225-5794,경상남도 창원시청,2020-07-14,5670000,경상남도 창원시
신대건강생활지원센터,건강증진,전라남도 순천시 해룡면 신대로 142,전라남도 순천시 해룡면 신대리 1980-1,34.9346569,127.5163774,"1. 5대 필수사업(금연, 절주, 영양, 신체활동, 만성질환 예방 및 관리)2. 원스톱 건강관리 사업(건강, 영양, 체력관리) 3. 건강 생활터 중심의 만성질환 관리사업 4. 지역사회 자원 협력 연계 사업추진 5. 주민주도 자조모임 활용 및 확대 운영6. 시민의 마음속으로 전문 서비스 제공7. 취약계층 건강관리 사업 8. 건강증진 프로그램 운영",09:00,18:00,주말휴무공휴일 휴무,,2,4,0,,스포츠지도사 1명,"층별이용안내1층- 건강상담실 :  혈압, 혈당, 콜레스테롤, 빈혈, 간기능 검사, 당화혈색소, 치매검사, 모바일헬스케어, 스트레스 측정, 금연 절주 등 건강상담 - 영양상담실 : 체성분 측정 및 영양 상담 - 소교육실(골반근",061-749-4260,순천시건강생활지원센터,061-749-6905,순천시보건소,2019-08-28,4820000,전라남도 순천시
해남건강누리센터,건강증진,전라남도 해남군 해남읍 해남로 46,,34.5704605088,126.6120436243,"운동·영양상담, 금연상담, 체력단련",09:00,18:00,매주토요일+매주일요일+공휴일,,0,0,2,,,,061-531-3786,,,전라남도 해남군 보건소,2020-07-14,4930000,전라남도 해남군
서초구정신건강복지센터,정신보건,서울특별시 서초구 염곡말길 9,서울특별시 서초구 염곡동 180-2,37.4619252,127.051135,정신건강업무,09:00,18:00,"공휴일, 매주 토,일",248.9,2,6,5,0,심리상담사(2),,02-2155-8215,서초구보건소 건강관리과,02-2155-8226,서울특별시 서초구 보건소,2019-05-30,3210000,서울특별시 서초구
세종시정신건강복지센터,정신보건,세종특별자치시 조치원읍 수원지1길 16,세종특별자치시 조치원읍 평리 12,36.60725962,127.3000177,정신건강증진 및 자살예방사업,09:00,18:00,"토요일, 공휴일",,1,3,7,,,,044-861-8520,충남대학교병원,,세종특별자치시 보건소,2018-07-24,5690000,세종특별자치시
영동군정신건강증진센터,정신보건,충청북도 영동군 영동읍 반곡동길 7,충청북도 영동군 영동읍 매천리 444-1,36.1684685,127.7759821,"정신건강증진, 자살예방, 아동청소년정신보건",09:00,18:00,"토요일, 일요일, 법정공휴일",,0,3,2,,,,043-740-5610,영동군청 보건소,043-740-5624,충청북도 영동군청,2018-02-23,4440000,충청북도 영동군
광주북구정신건강복지센터,정신보건,광주광역시 북구 북문대로 43,광주광역시 북구 운암동 90-3,35.1751886228,126.8807726585,"정신건강증진, 정신장애인 및 자살예방 사례관리",09:00,18:00,"매주 일요일, 공휴일",694.85,12,6,14,,"정신보건임상심리사(6), 작업치료사(1)","본소(1), 분소(2)를 운영하고 있음",062-267-5510,전남대학교 산학협력단,062-410-8971,광주광역시 북구 보건소,2020-06-30,3620000,광주광역시 북구
제주시정신건강복지센터,정신보건,제주특별자치도 제주시 연삼로 264,,33.4916016527,126.520276,고위험군 등록 및 사례관리. 재활프로그램 운영. 자살유가족 서비스. 상담 및 교육 홍보 등,09:00,18:00,매주 토요일. 일요일. 공휴일. 근로자의 날(매년 5월 1일),,1,4,9,,4,○ 방문 전 전화 문의 ○ 상담의 경우 전화상담 필수,064-728-4074,의료법인 연강재단,064-728-4064,제주시 제주보건소,2020-07-10,6510000,제주특별자치도 제주시
제주중독관리통합지원센터,정신보건,제주특별자치도 제주시 서광로 175,,33.5003166748,126.515267,중독조기발견 및 개입서비스. 중독질환 관리.  중독폐혜 예방교육 및 홍보 등,09:00,18:00,매주 토요일. 일요일. 공휴일. 근로자의 날(매년 5월 1일),,1,3,2,,0,○ 방문 전 전화 문의 ○ 상담의 경우 전화상담 필수,064-759-0911,의료법인 연강재단,064-759-0911,제주시 제주보건소,2020-07-10,6510000,제주특별자치도 제주시
시민건강증진센터,건강증진,제주특별자치도 서귀포시 남원읍 태위로 527,제주특별자치도 서귀포시 남원읍 남원리 2359-1,33.2756288183,126.7034172,운동기구 이용한 운동 등,08:00,21:00,일요일 및 공휴일 휴무,395.91,0,0,0,,2,토요일 운영시간 08:00~12:00,064-760-6123,제주특별자치도 서귀포시 동부보건소,064-760-6121,제주특별자치도 서귀포시 동부보건소,2020-06-30,6520000,제주특별자치도 서귀포시
건강증진센터,건강증진,제주특별자치도 서귀포시 대정읍 최남단해안로15번길 12,제주특별자치도 서귀포시 대정읍 하모리 767-8,33.2186730172,126.2532448998,장비이용 체력단련. 체성분 측정. 건강상담,08:00,21:00,일요일 및 공휴일 휴무,213.9,0,1,0,0,2,토요일 운영시간 09:00~13:00,064-760-6226,제주특별자치도 서귀포시 서부보건소,064-760-6221,제주특별자치도 서귀포시 서부보건소,2020-06-30,6520000,제주특별자치도 서귀포시
주민건강증진센터,건강증진,제주특별자치도 서귀포시 중앙로101번길 52(서홍동),제주특별자치도 서귀포시 서홍동 447-3,33.2534258,126.5553625,장비이용 체력단련. 체성분 측정. 건강영양상담.,08:00,20:00,일요일 및 공휴일 휴무,483.15,0,2,0,3,3,토요일 운영시간 09:00~13:00,064-760-6090,제주특별자치도 서귀포시 서귀포보건소,064-760-6041,제주특별자치도 서귀포시 서귀포보건소,2020-06-30,6520000,제주특별자치도 서귀포시
정신건강복지센터,정신보건,제주특별자치도 서귀포시 중앙로101번길 52(서홍동),제주특별자치도 서귀포시 서홍동 447-3,33.2534258,126.5553625,재활프로그램 운영 및 정신건강상담. 정신질환자 사례관리,09:00,18:00,토요일. 일요일 및 공휴일 휴무,208.86,0,8,2,,,,064-760-6553,제주특별자치도 서귀포시 서귀포보건소,064-760-6553,제주특별자치도 서귀포시 서귀포보건소,2020-06-30,6520000,제주특별자치도 서귀포시
중독관리통합지원센터,정신보건,제주특별자치도 서귀포시 중앙로101번길 52(서홍동),제주특별자치도 서귀포시 서홍동 447-3,33.2534258,126.5553625,중독관련 상담. 사례관리. 재활프로그램 운영,09:00,18:00,토요일. 일요일 및 공휴일 휴무,208.86,0,1,2,,1,,064-760-6552,제주특별자치도 서귀포시 서귀포보건소,064-760-6552,제주특별자치도 서귀포시 서귀포보건소,2020-06-30,6520000,제주특별자치도 서귀포시
제천시보건소 건강증진센터,건강증진,충청북도 제천시 의림대로 242,충청북도 제천시 청전동 110,37.14868519,128.2168544,"대사증후군관리, 영양관리, 맞춤형 신체활동관리",09:00,18:00,"법정공휴일(토, 일요일 포함)",,0,1,0,1,운동처방사(2),"제천시민 누구나이용 가능, 무료",043-641-3205,제천시보건소,043-646-2720,충청북도 제천시보건소,2020-06-30,4400000,충청북도 제천시
용두건강생활지원센터,건강증진,충청북도 제천시 용두대로17길8,충청북도 제천시 하소동323-24,37.1423157,128.2003609,"신체활동사업,영양사업,만성질환예방관리사업등",09:00,18:00,"법정공휴일(토, 일요일 포함)",816,0,4,0,1,팀장(1)+운동처방사(1)+치위생사(1)+청사관리(1),"제천시민 누구나이용 가능, 무료",043-641-3281,제천시보건소,043-646-2720,충청북도 제천시보건소,2020-06-30,4400000,충청북도 제천시
태백시건강증진센타,건강증진,강원도 태백시 태백로 905,강원도 태백시 황지동 20-8,37.176676,128.9924305,건강증진,09:00,18:00,"토, 일 휴무, 단 헬스장 연중운영",831,0,2,0,1,2,,033-550-3039,태백시보건소,033-550-2713,태백시보건소,2020-07-09,4220000,강원도 태백시
남악 건강생활지원센터,건강증진,전라남도 무안군 삼향읍 남악3로 40(2층),,34.80941832,126.4609999,"건강생활실천, 만성질환관리, 여성과 어린이건강관리, 지역거버넌스 구축",09:00,18:00,"토,일,공휴일",1214,0,3,0,0,1,,061-450-5001,무안군보건소,061-450-5026,무안군보건소,2020-07-09,4950000,전라남도 무안군
정신건강복지센터,정신보건,서울특별시 종로구 성균관로15길 10,서울특별시 종로구 명륜1가 5-14,37.590054,126.9976147,정신건강증진사업,09:00,18:00,"매주 토요일, 일요일, 공휴일",201.24,1,0,13,0,,방문상담시 사전예약,02-745-0199,정신건강복지센터,02-2148-3603,서울특별시 종로구보건소,2020-07-10,3000000,서울특별시 종로구
명륜건강증진센터,건강증진,서울특별시 종로구 성균관로1길 6-3,서울특별시 종로구 명륜3가 147-1,37.5834055,126.9977661,대사증후군관리,09:00,18:00,※ 2020.2월~ 코로나 확산 방지를 위해 센터운영 잠정중단,219.68,1,2,0,2,운동처방사(2),검사 전날 밤 10시부터 금식 요망,02-2148-3735,명륜건강증진센터,02-2148-3735,서울특별시 종로구 보건소,2020-07-10,3000000,서울특별시 종로구
군산시정신건강복지센터,정신보건,"전라북도 군산시 대야면 백마길16, (지경리)",전라북도 군산시 대야면 지경리 778-2,35.9450233089,126.8100331707,"중증정신질환자 관리사업, 정신건강증진사업, 자살예방사업, 아동청소년정신보건사업",09:00,18:00,"공휴일, 주말",469,1,3,13,0,0,,063-451-0363,신세계병원,063-460-3236,군산시 보건소,2020-07-09,4670000,전라북도 군산시
군산시중독관리통합지원센터,정신보건,"전라북도 군산시 대야면 백마길16, (지경리)",전라북도 군산시 대야면 지경리 778-2,35.9450233089,126.8100331707,"중독상담, 중독자관리등",09:00,18:00,"공휴일, 주말",184.8,1,2,1,0,0,,063-464-0061,군산의료원,063-463-4000,군산시 보건소,2020-07-09,4670000,전라북도 군산시
논산시건강생활지원센터,건강증진,충청남도 논산시 해월로125번길 26,,36.20478393,127.0822907,"건강증진프로그램운영, 대사증후군관리 등",09:00,18:00,매주 토요일+일요일+공휴일,855.81,0,2,0,1,운동처방사(1)+치과위생사(1),,041-746-8027,논산시보건소,041-746-8046,논산시보건소,2020-04-24,4540000,충청남도 논산시
서구 보건소 건강증진센터,건강증진,대전광역시 서구 만년로 74,대전광역시 서구 만년동 340,36.367062,127.381105,"체성분 검사, 운동처방 운동프로그램",09:00,18:00,"토요일,일요일,공휴일",,0,0,0,,,,042-288-4544,,,대전광역시 서구보건소,2020-06-30,3660000,대전광역시 서구
서구 관저보건지소 건강증진센터,건강증진,대전광역시 서구 구봉산북로 300,대전광역시 서구 관저동 1424,36.301037,127.345007,"체성분 검사, 운동처방 운동프로그램",09:00,18:00,"토요일,일요일,공휴일",,0,0,0,,,,042-288-4634,,,대전광역시 서구보건소,2020-06-30,3660000,대전광역시 서구
이천시정신건강복지센터,정신보건,경기도 이천시 이섭대천로 1119(증일동),경기도 이천시 증일동 2,37.27052428,127.4454563,정신건강증진+아동청소년정신건강증진사업+자살예방사업,09:00,18:00,토요일+공휴일,417.99,1,3,10,0,1,직접내소+전화상담,031-637-2330,이천소망병원,031-644-4086,경기도 이천시청,2020-07-09,4070000,경기도 이천시
남동구정신건강복지센터,정신보건,"인천광역시 남동구 인주대로 819, 6층",인천광역시 남동구 구월동 1318-3,37.4488382,126.728235,"주간재활프로그램, 사례관리, 위기관리 시행 ? 아동청소년 정신건강 선별 및 프로그램 운영 ? 자살고위험군 관리, 자살예방사업 홍보 등",09:00,18:00,관공서 휴일 휴무,325,1,1,10,0,1,,032-465-6412,의료법인 정진의료재단 영화병원,032-453-5802,치매정신건강과,2020-06-25,3530000,인천광역시 남동구
평택시건강증진센터,건강증진,경기도 평택시 평택5로 56,경기도 평택시 비전동 850,36.99089531,127.1119719,"통합건강상담실,어린이건강체험관,재활운동실,물리치료실 운영",09:00,18:00,"매주 토요일, 일요일, 공휴일",886,0,3,0,2,물리치료사(2)+운동처방사(1),내소 및 사전예약,031-8024-4414,경기도 평택시청 평택보건소,031-8024-4414,경기도 평택시청 평택보건소,2020-05-20,3910000,경기도 평택시
평택시정신건강증진센터,건강증진,경기도 평택시 평택5로 56,경기도 평택시 비전동 850,36.99089531,127.1119719,"만성질환관리,비만영양등 건강관리, 재활운동실운영",09:00,18:00,"매주월요일, 일요일, 공휴일",442,0,2,12,0,"공무원(3),기타(1)",사전예약,031-658-9818,경기도 평택시청 평택보건소,031-8024-4461,경기도 평택시청 평택보건소,2020-05-20,3910000,경기도 평택시
포승건강생활지원센터,정신보건,경기도 평택시 포승읍 여술로 47,경기도 평택시 포승읍 도곡리 1110,36.98936145,126.8474031,"중증정신질환자 관리사업, 생명존중 및 자살예방사업, 아동청소년 정신건강사업",09:00,17:00,"매주월요일, 일요일, 공휴일",498,0,1,0,1,운동처방사(1),내소 및 사전예약,031-8024-8624,경기도 평택시청 평택보건소,031-8024-8610,경기도 평택시청 평택보건소,2020-05-20,3910000,경기도 평택시
부안군정신건강복지센터,정신보건,전라북도 부안군 부안읍 오리정로 124,,35.72283463,126.7355916,"중증정신질환자관리사업, 정신건강증진사업, 자살예방사업 등",09:00,18:00,토요일+일요일+공휴일,155.5,1,0,8,0,임상심리사(1명),방문 및 전화,063-581-5830,의료법인 지석의료재단 효병원,063-584-1261,전라북도 부안군 보건소,2020-06-25,4790000,전라북도 부안군
금정구 건강생활지원센터,건강증진,부산광역시 금정구 서동로175번길 41-5,부산광역시 서동 122-6,35.2154475905,129.1074473218,"만성질환관리를 위한 건강상담실 운영, 체력단련실 및 재활운동실 운영, 건강증진 프로그램 및 건강동아리 운영 등",09:00,18:00,주말 및 공휴일,430.8,0,3,0,1,"운전1, 운동처방사1, 물리치료사1",,051-519-5478,금정구보건소,051-519-5478,금정구보건소,2020-06-24,3350000,부산광역시 금정구
괴산군정신건강복지센터,정신보건,충청북도 괴산군 괴산읍 읍내로2길 27-10,,36.8069017787,127.7909359579,정신건강증진사업자살예방사업만성정신질환자관리사업아동청소년 정신건강증진사업,09:00,18:00,"매주토요일,일요일,공휴일",,0,0,5,0,0,,043-832-0330,,,괴산군보건소,2020-06-19,4460000,충청북도 괴산군
통영시정신건강복지센터,정신보건,"경상남도 통영시 안개4길 108,(무전동)",경상남도 통영시 무전동 401-1,34.85980836,128.4320132,정신건강증진 및 자살예방사업,09:00,18:00,토요일+일요일+공휴일,202.82,0,3,2,,,,055-650-6542,통영시보건소,055-650-6542,통영시보건소,2020-06-22,5330000,경상남도 통영시
성동구정신건강복지센터,정신보건,서울특별시 성동구 행당로 12,서울특별시 성동구 금호동 1가 444-7,37.5544895353,127.021461921,"정신건강증진, 중증정신질환자 관리",09:00,18:00,공휴일,176.78,1,2,9,,,,02-2298-1080,한양대학교병원,02-2298-7093,성동구보건소,2020-06-22,3030000,서울특별시 성동구
수정구보건소 건강증진센터,건강증진,경기도 성남시 수정구 수정로 218,경기도 성남시 수정구 신흥동 3435,37.44432957,127.1440466,"대사증후군관리, 영양운동상담",09:00,18:00,"매주 토요일, 일요일, 공휴일",156.67,0,1,0,1,운동사(1),대사증후군 검사시 전날 밤 10시부터 금식(대사증후군 예약제로 운영),031-729-3860,수정구보건소,031-729-3859,경기도 성남시 수정구보건소,2020-06-01,3780000,경기도 성남시
중원구보건소 건강증진센터,건강증진,경기도 성남시 중원구 금상로 137,경기도 성남시 중원구 상대원동 269-10,37.4421570628,127.1705794840,"대사증후군관리, 영양, 운동",09:00,18:00,"매주 토요일, 일요일, 공휴일",75,0,1,0,1,운동처방사(3),검사 전날 밤 10부터 금식 요망,031-729-4925,중원구보건소,031-729-3930,경기도 성남시 중원구보건소,2020-06-01,3780000,경기도 성남시
분당구보건소 건강증진센터,건강증진,경기도 성남시 분당구 양현로 306,경기도 성남시 분당구 야탑동 349,37.4110097,127.124601,"체성분측정, 대사증후군관리",09:00,18:00,"매주 토요일, 일요일, 공휴일",2752,0,1,0,1,운동사(3),검사 전 예약요망,031-729-4005,분당구보건소,031-729-4001,경기도 성남시 분당구보건소,2020-06-01,3780000,경기도 성남시
북구정신건강복지센터,정신보건,"대구광역시 북구 성북로 43, 4층","대구광역시 북구 침산동 521-1, 4층",35.8916050019,128.5882723489,"중증정신질환자 관리, 정신건강증진사업, 아동청소년 정신건강증진사업, 자살예방사업 등",09:00,18:00,공휴일,251.71,1,1,6,0,3,,053-353-3631,북구정신건강복지센터,053-665-3221,대구광역시 북구보건소,2020-06-10,3450000,대구광역시 북구
강서구정신건강복지센터,정신보건,"서울특별시 강서구 공항대로 561, B1층","서울특별시 강서구 염창동 275-12, B1층",37.5496499360,126.868210,"중증정신질환관리, 정신건강상담, 자살예방, 알코올중독예방 등",09:00,18:00,매주토요일+매주일요일+공휴일,238,1,0,13,0,임상심리사(2),상담 전 예약 요망,02-2600-5926,명지병원,02-2600-5271,서울특별시 강서구 보건소,2020-06-12,3150000,서울특별시 강서구
창녕군정신건강복지센터,정신보건,경상남도 창녕군 창녕읍 우포2로 1189-35,경상남도 창녕군 창녕읍 교리 996-1,35.5436522,128.4900857,"정신건강증진사업, 자살예방사업, 중증정신질환자 관리 등",09:00,18:00,"토요일, 일요일, 공휴일",482.14,1,4,2,0,0,전문의상담은 예약 후 방문,055-530-6283,경상남도 창녕군 보건소,055-530-7505,경상남도 창녕군 보건소,2020-06-09,5410000,경상남도 창녕군
건강생활지원센터 고양,건강증진,경기도 고양시 덕양구 혜음로 19-11,경기도 고양시 덕양구 고양동 233-2,37.7025182,126.9011953,"건강마을 만들기, 대사증후군 등록관리, 생애주기별 비만예방 프로그램",09:00,18:00,"토요일, 공휴일",143.64,0,1,0,1,1,,031-8075-4823,덕양구보건소,031-8075-4046,경기도 고양시 덕양구보건소,2020-05-15,3940000,경기도 고양시
고양시민건강센터 중산,건강증진,"경기도 고양시 일산동구 중산로 73-2, 2층",경기도 고양시 일산동구 중산동 238,37.67814936,126.7812889,"대사증후군관리, 건강프로그램 운영, 건강체험관운영, 건강마을 운영",09:00,18:00,"토요일, 일요일, 공휴일",343.13,0,1,0,1,1,건강생활 프로그램 분기별 접수,031-977-5705,고양시민건강센터중산,031-8075-4139,경기도 고양시 일산동구보건소,2020-05-15,3940000,경기도 고양시
고양시정신건강복지센터,정신보건,경기도 고양시 덕양구 고양시청로 13-6,경기도 고양시 덕양구 주교동 602-1,37.65696598,126.8321442,"정신건강 고위험군 조기발견 및 조기개입, 정신건강증진사업 등",09:00,18:00,"토요일, 일요일, 공휴일",413.9,1,6,15,0,1,,031-968-2333,고양시정신건강복지센터,031-8075-4092,경기도 고양시 일산동구보건소,2020-05-15,3940000,경기도 고양시
청양군정신건강증진센터,정신보건,충청남도 청양군 청양읍 칠갑산로 7길 54,충청남도 청양군 청양읍 읍내리 261-1,36.45501978,126.8049308,자살예방 및 정신건강증진,08:30,17:30,"매주 토요일,일요일, 공휴일",138.8,1,3,5,1,2,0,041-940-4533,청양군정신건강증진센터,041-940-4516,청양군보건의료원,2020-05-28,4590000,충청남도 청양군
중구정신건강복지센터,정신보건,서울특별시 중구 서소문로6길 16,서울특별시 중구 중림동 155-1,37.559432,126.966133,"중증 정신질환자 등록 관리사업,영유아 아동청소년 지원사업주민정신건강증진사업생명사랑사업 등",09:00,18:00,"토요일, 일요일, 기타 법령이 정하는 공휴일",227.7,1,1,11,0,"행정담당(1), 홍보담당(1",,02-2236-6606,서울대학교병원,02-3396-6383,서울특별시 중구 보건소,2019-02-25,3010000,서울특별시 중구
사상구 건강증진센터,건강증진,부산광역시 사상구 가야대로196번길 51(학장동),부산광역시 사상구 학장동 288-12,35.14744636,128.9948739,"체성분 측정 및 운동 처방, 혈압혈당측정 및 상담, 금연클리닉 등",09:00,18:00,"토요일,일요일,공휴일",,0,1,0,1,"운동처방사(2), 금연상담사(2)",,051-310-4833,부산광역시 사상구보건소 건강증진계,051-310-4833,부산광역시 사상구보건소,2020-03-17,3390000,부산광역시 사상구
익산시정신건강복지센터,건강증진,전라북도 익산시 무왕로 975,,35.9609875273,126.9664376,"정신건강증진사업, 아동청소년 정신보건사업, 자살예방사업",09:00,18:00,"토요일, 일요일, 공휴일",,1,1,8,,심리상담사(1),,063-841-4235,,,익산시 보건소,2020-03-02,4680000,전라북도 익산시
송파건강증진센터,건강증진,서울특별시 송파구 올림픽로 326,서울특별시 송파구 신천동 29-5,37.514469,127.1058587380,일반종합검진,09:00,18:00,공휴일,,1,1,0,0,방사선사(1)+운동처방사(1),검사전날 9시부터 금식,02-2147-3539,송파구보건소,,서울특별시 송파구 보건소,2020-02-20,3230000,서울특별시 송파구
송파건강관리센터,건강증진,서울특별시 송파구 올림픽로 326,서울특별시 송파구 신천동 29-5,37.5144756518,127.1058587380,"1차 진료, 운동, 영양, 금연, 치매,대사증후군 관리서비스 제공",09:00,18:00,"매주 토요일, 일요일, 법정공휴일 등",550,4,5,1,3,임상병리사(1)+금연상담사 (1),방문 전 전화 요망,02-2147-3456,송파구보건소,02-2147-3470,서울특별시 송파구 보건소,2020-02-20,3230000,서울특별시 송파구
서울특별시 구로정신건강복지센터,정신보건,서울특별시 구로구 새말로60,,37.50321336,126.8866567,정신건강증진사업 업무전반,09:00,18:00,토+일요일 및 공휴일,329.28,0,7,11,0,,정신질환 및 일반인,02-861-2284,서울특별시 구로구 보건소,02-860-2615,서울특별시 구로구 보건소,2020-02-21,3160000,서울특별시 구로구
건강체험실,건강증진,부산광역시 연제구 연제로2,부산광역시 연제구 연산동 1555,35.176789,129.079141,구민 건강증진프로그램 운영,09:00,18:00,"매주 토요일,일요일,공휴일",239.4,0,0,0,2,2,인바디사전예약요망,051-665-4818,해당사항없음,051-665-4422,부산광역시 연제구보건소,2020-02-17,3370000,부산광역시 연제구
무주군보건의료원 건강증진센터,건강증진,전라북도 무주군 무주읍 한풍루로 413,전라북도 무주군 무주읍 당산리 701,36.0058821,127.6716991,기초건강측정 및 상담운동처방금연클리닉운영영양플러스사업 및 영양상담운동프로그램 운영,09:00,18:00,"주말(토일), 공휴일",394.84,0,0,1,1,3,지하1층 무주종합복지관 경로식당  1층     물리치료실  2층     건강증진센터  3층     강당,063-320-8224,무주군보건의료원,063-320-8224,무주군보건의료원,2019-11-18,4740000,전라북도 무주군
남구정신건강복지센터,정신보건,부산광역시 남구 유엔평화로4번길 61,부산광역시 남구 대연동 1753-16,35.134251,129.088545,정신건강상담 및 프로그램 운영,09:00,18:00,"토요일, 일요일, 공휴일",175,1,3,7,0,0,,051-626-4660,인혜의료재단 가나병원,051-607-6421,부산광역시 남구보건소,2019-11-13,3310000,부산광역시 남구
건강생활지원센터,건강증진,강원도 홍천군 북방면 상화계2길 17,강원도 홍천군 북방면 상화계리 97-1,37.7060348367,127.8542578639,북방면 건강증진프로그램 운영,09:00,18:00,"매주 토요일,일요일,공휴일",330.9,0,2,0,1,3,인바디사전예약요망,033-430-4132,해당사항 없음,033-430-4132,강원도 홍천군보건소,2019-11-18,4250000,강원도 홍천군
당진시보건소 건강증진센터,건강증진,충청남도 당진시 서부로 56,충청남도 당진시 채운동 1040,36.8874025694,126.6300054123,"건강상담, 금연상담, 운동체험, 건강체험",09:00,18:00,"토,일,공휴일",,0,5,0,1,1,,041-360-6058,당진시보건소,041-360-6054,당진시보건소,2019-06-07,5680000,충청남도 당진시
양구군정신건강증진센터,정신보건,강원도 양구군 양구읍 관공서로 42,강원도 양구군 양구읍 하리 34-5,38.10994446,127.9892036,"정신장애인 재활프로그램 운영, 자살예방",09:00,18:00,공휴일,100.42,1,3,2,,,1577-0199,033-480-2789,서인병원,033-480-2807,양구군보건소,2019-09-10,4320000,강원도 양구군
유성구 보건소 건강증진센터,건강증진,대전광역시 유성구 유성대로 730번길 51,대전광역시 유성구 장대동 282-15,36.3581253,127.3354682,"개인별 맞춤형 운동처방, 대사증후군관리,비만,영양관리, 신체활동 교육, 체성분검사, 운동상담 등",09:00,18:00,주말 및 국정공휴일,162.93,0,0,0,0,"건강운동관리사(1), 생활체육지도자(1)",사전예약(방문 및 전화 예약),042-611-5096,대전 유성구보건소,042-611-5098,대전유성구보건소,2019-06-18,6300000,대전광역시
서구보건소 건강증진센터,건강증진,대전광역시 서구 만년로 74,대전광역시 서구 만년동 74,36.3670619,127.3811053,"개인별 맞춤형 운동처방, 대사증후군관리,비만,영양관리, 신체활동 교육, 체성분검사, 운동상담 등",09:00,18:00,주말 및 국정공휴일,159,0,0,0,0,2,,042-288-4673,대전 서구보건소,042-288-4673,대전 서구보건소,2019-06-18,6300000,대전광역시
관저보건지소 건강증진센터,건강증진,대전광역시 서구 구봉산북로 300,대전광역시 서구 관저동 1424,36.3010372,127.3450071,"개인별 맞춤형 운동처방, 대사증후군관리,비만,영양관리, 신체활동 교육, 체성분검사, 운동상담 등",09:00,18:00,주말 및 국정공휴일,174,0,0,0,0,2,,042-288-4634,대전 관저보건지소,042-288-4634,대전 관저보건지소,2019-06-18,6300000,대전광역시
안산시 고혈압당뇨병 등록교육센터,건강증진,경기도 안산시 상록구 차돌배기로1길 5(3층일부),경기도 안산시 상록구 사동 1584(3층일부),37.300265,126.845040,"고혈압 당뇨병환자 등록 관리, 기본검사 및 상담 교육(기본,심화,체험,운동), 리콜리마인드서비스, 건강행태개선 인센티브 지원, 치료비 및 등록비 지원 등",09:00,18:00,"토요일,일요일,공휴일",113,1,5,0,3,,,031-416-9088,고려대학교 산학협력단,031-481-5927,경기도 안산시 상록수보건소,2019-07-05,3930000,경기도 안산시
안산시자살예방센터,정신보건,경기도 안산시 상록구 차돌배기로1길 5,경기도 안산시 상록구 사동 1584,37.300265,126.845040,자살예방업무,09:00,18:00,"토요일,일요일,공휴일",82.6,1,1,8,0,임상심리사(1),운영 종료시각 이후 경기도 광역자살예방센터 콜센터로 전화 연결됨,031-418-0123,고려대학교 산학협력단,031-481-5922,경기도 안산시 상록수보건소,2019-07-05,3930000,경기도 안산시
정신건강복지센터,정신보건,"경기도 안산시 단원구 화랑로 387, 구 단원보건소 1층","경기도 안산시 단원구 고잔동 515, 구 단원보건소 1층",37.322131,126.830243,정신질환자 등록관리 및 정신건강증진 사업,09:00,18:00,"토요일,일요일,공휴일",557,1,5,19,0,4,상담 전 전화예약,031-411-7573,고려대학교 산학협력단,02-2286-1527,경기도 안산시 단원보건소,2019-07-05,3930000,경기도 안산시
중독관리통합지원센터,정신보건,"경기도 안산시 단원구 화랑로 387, 구 단원보건소 2층","경기도 안산시 단원구 고잔동 515, 구 단원보건소 2층",37.322131,126.830243,중독자 등록관리 및 중독예방사업,09:00,18:00,"토요일,일요일,공휴일",222,1,3,6,0,1,상담 전 전화예약,031-411-8445,고려대학교 산학협력단,02-2286-1527,경기도 안산시 단원보건소,2019-07-05,3930000,경기도 안산시
남구정신건강증진센터,정신보건,광주광역시 남구 봉선로1,광주광역시 남구 주월동 1284-1,35.1329053877,126.902408,정신건강증진사업,09:00,18:00,"매주토요일,일요일",164.5,1,4,8,,임상심리사(2),,062-676-8236,국립나주병원,062-607-4361,광주광역시 남구 보건소,2019-09-01,3610000,광주광역시 남구
고창군정신건강복지센터,정신보건,전라북도 고창군 고창읍 전봉준로 90,전라북도 고창군 고창읍 율계리101,35.4438580254,126.6827451828,"정신건강증진사업, 아동청소년 정신보건사업, 지역사회 자살예방사업",09:00,18:00,"토요일, 일요일, 공휴일",201,1,0,5,,임상심리사(2),,063-563-8751,영광기독신하병원,061-350-7000,전북 고창군 보건소,2019-06-20,4780000,전라북도 고창군
양천구 정신건강복지센터,정신보건,서울특별시 양천구 목동서로 339(신정동),,37.517794,126.8657399923,"만성정신질환자 관리사업, 정신건강증진사업, 아동청소년 정신건강특화사업",09:00,18:00,"매주토일, 공휴일",198,1,0,12,0,0,,02-2061-8881,양천구보건소,02-2620-3941,서울특별시 양천구,2020-05-24,3140000,서울특별시 양천구
양주시 동부 건강생활지원센터,건강증진,경기도 양주시 화합로1426번길 90,경기도 양주시 덕정동 206,37.8381423495,127.0680350930,통합건강증진사업 업무,09:00,18:00,"주말, 공휴일",825,0,5,0,2,2,,031-8082-4342,양주시보건소,031-8082-7117,양주시보건소,2020-05-25,5590000,경기도 양주시
양주시 서부 건강생활지원센터,건강증진,경기도 양주시 광적면 부흥로 618번길 303,경기도 양주시 광적면 광석리 132,37.8124995104,126.9723084114,통합건강증진사업 업무,09:00,18:00,"주말, 공휴일",908,0,1,0,0,2,,031-8082-4373,양주시보건소,031-8082-7117,양주시보건소,2020-05-25,5590000,경기도 양주시
울산광역시남구정신건강복지센터,정신보건,울산광역시 남구 삼산중로 132,울산광역시 남구 삼산동 1538-4,35.5453601,129.3363124,"정신질환자 재활, 정신건강교육.상담.홍보, 자살예방사업",09:00,18:00,"토요일, 공휴일",288.64,1,6,7,0,임상심리사2,,052-227-1116,큰빛병원,052-226-2450,울산광역시 남구보건소,2020-05-25,3700000,울산광역시 남구
무거건강생활지원센터,건강증진,울산광역시 남구 대학로 147번길 41-26,울산광역시 남구 무거동 1533-6,35.5512459877,129.2596398081,건강생활습관 형성지원 및 만성질환 예방관리,09:00,18:00,"토요일, 공휴일",1226,0,4,0,2,센터장(1)+물리치료사(2)+운동사(2),,052-226-2345,무거건강생활지원센터,052-226-2805,울산남구보건소,2020-05-08,3700000,울산광역시 남구
대덕구건강생활지원센터,건강증진,대전광역시 대덕구 동춘당로187,대전광역시 대덕구 법동 192-1,36.36720857,127.4308384,주민참여기반의 건강증진사업,06:00,22:00,"토요일, 일요일, 공휴일",486.42,1,3,0,1,체육지도자 5명,금연클리닉,042-608-4474,대덕구건강생활지원센터,042-608-5499,대전광역시 대덕구보건소,2020-04-10,3680000,대전광역시 대덕구
동작구정신건강복지센터,정신보건,서울특별시 동작구 사당로 253-3,서울특별시 동작구 사당동 324-14,37.4836737741,126.9758719272,정신질환자 조기발견 및 관리,09:00,18:00,"매주 토요일,일요일,공휴일",200,0,4,6,0,심리상담사(3),상담 원할시 사전 전화연락 요망,02-820-4072,동작구보건소,02-820-1425,서울특별시 동작구 보건소,2020-05-22,3190000,서울특별시 동작구
건강증진120센터,건강증진,인천광역시 미추홀구 한나루로 444,인천광역시 미추홀구 학익동 4-16,37.4465805424,126.667441,건강측정 및 건강상담,09:00,17:00,주말 및 법정공휴일,17,0,1,0,0,0,,032-880-7475,미추홀구보건소,032-880-5487,인천광역시 미추홀구 보건소,2020-04-02,3510500,인천광역시 미추홀구
건강증진120센터,건강증진,인천광역시 미추홀구 연송로 102,인천광역시 미추홀구 도화동 6-46,37.476428,126.657884,건강측정 및 건강상담,09:00,17:00,주말 및 법정공휴일,34,0,1,0,0,0,,032-728-6319,미추홀구보건소,032-880-5487,인천광역시 미추홀구 보건소,2020-04-02,3510500,인천광역시 미추홀구
건강증진120센터,건강증진,인천광역시 미추홀구 소성로 339,인천광역시 미추홀구 문학동 385-6,37.4376833246,126.6850043309,건강측정 및 건강상담,09:00,17:00,주말 및 법정공휴일,27.3,0,1,0,0,0,,032-728-6513,미추홀구보건소,032-880-5487,인천광역시 미추홀구 보건소,2020-04-02,3510500,인천광역시 미추홀구
건강증진120센터,건강증진,인천광역시 미추홀구 석정로 464,인천광역시 미추홀구 주안5동 20-35,37.4658875012,126.687304,건강측정 및 건강상담,09:00,17:00,주말 및 법정공휴일,10.2,0,1,0,0,0,,032-861-9788,미추홀구보건소,032-880-5487,인천광역시 미추홀구 보건소,2020-04-02,3510500,인천광역시 미추홀구
건강증진120센터,건강증진,인천광역시 미추홀구 인주대로 198,인천광역시 미추홀구 용현동 140-10,37.4548012137,126.6585760472,건강측정 및 건강상담,09:00,17:00,주말 및 법정공휴일,17.2,0,1,0,0,0,,032-728-6177,미추홀구보건소,032-880-5487,인천광역시 미추홀구 보건소,2020-04-02,3510500,인천광역시 미추홀구
건강체력증진센터,건강증진,인천광역시 미추홀구 주안서로 52,인천광역시 미추홀구 주안동 230-8,37.4634660333,126.678076,맞춤형 건강관리 및 운동프로그램 운영,13:00,22:00,법정 공휴일,280.5,0,0,0,0,생활스포츠지도사3명,,032-876-0321,미추홀구보건소,032-876-0321,인천광역시 미추홀구 보건소,2020-04-02,3510500,인천광역시 미추홀구
안성시보건소 건강증진센터,건강증진,경기도 안성시 강변로74번길 18,경기도 안성시 도기동 67-21,37.0001476,127.2698156,"체성분측정, 혈압, 혈당, 콜레스테롤 측정, 만성질환교육, 영양교육, 비만교육, 신체활동 교육",09:00,18:00,"토,일요일,공휴일",,0,2,0,1,생활스포츠지도사,,031-678-5756,안성시보건소 건강증진센터,031-678-5710,경기도 안성시,2020-03-19,4080000,경기도 안성시
양평군정신건강복지센터,정신보건,경기도 양평군 양평읍 마유산로 17,경기도 양평군 양평읍 양근리 533-1,37.49709133,127.4866807730,"정신건강증진,자살예방관리",09:00,18:00,"토요일,일요일,공휴일",109,1,4,6,0,2,방문전 전화문의요망,031-770-3526,한양대학교 산학협력단,031-770-3475,경기도 양평군보건소,2020-02-14,4170000,경기도 양평군
양평군 건강관리센터,건강증진,경기도 양평군 양평읍 마유산로 17,경기도 양평군 양평읍 양근리 533-1,37.49709133,127.4866807730,"운동,영양,심뇌혈관",10:00,17:00,"토요일,일요일,공휴일",196,0,1,0,0,4(운동처방),,031-770-2273,양평군보건소,031-770-2273,경기도 양평군보건소,2020-02-14,4170000,경기도 양평군
